candidate_id,vote_share,total_spending,incumbent,challenger_quality,partisan_lean,president_approval,unemployment,media_markets,primary_contested
1,49.68875590711832,764049.3586705097,TRUE,Medium,-11.208939512144573,38.128772273194045,8.149821145227179,9,FALSE
2,44.30917240679264,2612154.6068036226,FALSE,High,-0.4637232268314098,49.06762545229867,4.234333768719807,7,FALSE
3,67.71194112487137,135498.8722721983,TRUE,Low,-11.931267655764279,37.30544661171734,8.571604328928515,9,FALSE
4,52.07339329645038,666273.8521008737,FALSE,Low,-14.508714661365971,52.96196331270039,6.021128817927092,3,FALSE
5,43.468850618228316,613499.6355840589,TRUE,High,2.4236070491578365,34.49783829739317,6.710732805542648,9,FALSE
6,61.1977918446064,973492.5414804963,FALSE,Medium,-2.722312108930064,47.387904496863484,4.3314459775574505,5,FALSE
7,53.89024888165295,3567606.0031838035,TRUE,High,7.847186615098822,55.279970944393426,7.349099476821721,7,FALSE
8,44.356999741867185,1301502.9416708888,FALSE,Low,-6.853442136370001,35.44936474878341,9.70922089391388,9,FALSE
9,55.655672550201416,182500.4296409226,TRUE,Low,-1.8689435444691975,59.720253793057054,8.592004914302379,7,FALSE
10,34.416184686124325,104057.126284472,TRUE,Low,1.7234946286273751,37.28049460798502,8.294002991868183,6,FALSE
11,36.686701364815235,3263344.3791425433,TRUE,High,7.111968608910666,57.052824036218226,7.992980563547462,6,FALSE
12,60.52591010928154,2411462.8358082157,FALSE,High,-8.719318027412628,32.83893999410793,8.338246190687642,3,FALSE
13,43.820402352139354,6894199.431199522,FALSE,Low,1.2441706845144327,34.25503269536421,6.580394774442539,6,FALSE
14,34.579839650541544,3080156.876011841,FALSE,Medium,-0.8333516989444512,47.21439691493288,8.482070752652362,7,TRUE
15,53.118950547650456,1279334.1728701694,FALSE,High,18.337145609525585,33.7236416595988,9.255109570221975,4,FALSE
16,33.42126099392772,2145833.5377507606,FALSE,Low,-14.009290573546181,43.72760952450335,5.966020594350994,7,FALSE
17,62.42233155295253,2488727.3108436186,FALSE,Low,18.22601088394932,34.777567852288485,6.871627518208697,8,TRUE
18,60.268637193366885,2996902.7995602298,FALSE,Medium,-43.19649375968185,45.60909185791388,5.941737932618707,2,TRUE
19,68.2659304421395,1767798.582580228,FALSE,High,-2.065512862847655,52.1887757233344,7.218950267881155,1,FALSE
20,57.25038620643318,2134173.2653328064,FALSE,Low,-1.2304602242433742,36.762400162406266,3.03749045683071,2,FALSE
21,42.9166398383677,7692829.11657707,FALSE,High,21.530740434125303,37.792679050471634,3.4941072748042643,9,FALSE
22,36.62593482993543,2450395.4697005926,TRUE,Low,-3.824894318976254,52.856548237614334,4.710382561897859,9,FALSE
23,50.93295881524682,303820.57639101683,TRUE,Medium,5.242948615528537,50.055489423684776,8.37290766928345,7,FALSE
24,47.58088629692793,408253.85004152224,FALSE,Low,8.917324029662314,59.78527759434655,5.953844168689102,4,FALSE
25,57.864747969433665,435354.6467611371,TRUE,High,-0.5863922122890265,41.94178170757368,3.7907243373338133,9,FALSE
26,47.84521507099271,1108037.962452257,TRUE,High,16.40962708198967,30.025970404967666,5.623273839009926,6,TRUE
27,47.154217371717095,6072249.016926579,FALSE,Medium,-6.015771899517206,59.9939074460417,9.98915762314573,4,TRUE
28,48.05044770240784,1184132.4676932255,FALSE,Medium,-2.684942375548712,35.23715564981103,7.248624209314585,1,TRUE
29,49.115137327462435,687562.9321030601,TRUE,Low,21.3440194030709,33.50952521665022,6.212496863445267,4,TRUE
30,58.84295856580138,750927.0724008413,TRUE,High,-21.565435156663398,38.22397319599986,5.128288348438218,4,FALSE
31,59.83359363861382,3452404.0402714913,TRUE,Low,0.19034976315677252,34.630687369499356,9.035476002143696,3,FALSE
32,60.31959946267307,3023047.0251649874,TRUE,High,0.6669709467166203,58.25574964284897,6.5586338236462325,1,FALSE
33,38.99786792695522,578415.2058786476,FALSE,Medium,5.439695213092978,43.09372699353844,7.640846133697778,5,FALSE
34,48.62568614073098,1225636.992595088,FALSE,Medium,14.761136763733289,56.40155829722062,6.5768772582523525,4,FALSE
35,33.1129240617156,1574682.0989781483,FALSE,High,14.85237521090275,54.97878071386367,3.5502445127349347,7,TRUE
36,41.94434570148587,588406.864073954,FALSE,High,8.458301152434519,37.311954628676176,9.892725289799273,4,FALSE
37,44.68841974623501,2649169.7189604635,FALSE,Low,-9.971511329859378,54.28370586130768,4.728734307456762,1,TRUE
38,40.795877100899816,3242550.797795196,FALSE,Medium,15.377047159009512,45.0518970284611,5.33267692825757,6,FALSE
39,31.563181271776557,406309.52944701625,FALSE,Medium,-21.30245529403978,46.35683012427762,4.701667272252962,2,FALSE
40,33.91954689286649,2783771.576003044,FALSE,High,-10.555896007779731,47.16879167826846,9.675113754346967,10,FALSE
41,69.55802169628441,847710.7426442003,TRUE,Low,-3.221119171076874,47.78722945600748,7.806624114513397,2,TRUE
42,58.68992118164897,242120.33968535493,FALSE,High,4.3400714506484235,34.80295285116881,5.852864186745137,2,FALSE
43,52.21046623773873,3724851.6212506383,TRUE,Low,-14.375882124318201,46.15832027513534,7.113758439430967,1,FALSE
44,30.211522514000535,6149187.645976097,TRUE,Low,4.437959212554975,34.39586534164846,9.18097865046002,5,FALSE
45,45.01910127699375,1192465.075826124,TRUE,Medium,6.695294622868457,38.30814840272069,6.43572443164885,7,FALSE
46,60.342698991298676,2853289.4990307163,TRUE,Low,2.630912913724056,34.02504764031619,5.009287659078836,7,TRUE
47,44.72587127238512,1867064.9737181703,TRUE,High,9.69581088698892,51.780779412947595,9.261138050351292,7,TRUE
48,31.469229254871607,1371820.630701438,FALSE,High,-4.733821978148323,38.990063143428415,7.643198841018602,9,FALSE
49,32.043387619778514,942771.5104050927,TRUE,Low,5.258205121911083,38.84137481683865,7.079841986531392,2,FALSE
50,38.71678085997701,3771603.702365716,TRUE,High,9.845838466183736,59.00660031940788,5.7225599775556475,10,FALSE
51,32.88147269748151,299501.16760383244,FALSE,High,-19.013795002990488,54.61475169751793,4.228930107317865,2,FALSE
52,57.34789644367993,406605.97169481305,FALSE,Low,22.919705758676482,53.77971654525027,9.455600750166923,4,FALSE
53,63.393909092992544,2522051.320515338,FALSE,High,3.821128146542582,33.15004042815417,5.573350456310436,10,FALSE
54,46.5988552570343,1830455.0891835396,FALSE,Medium,5.13072332896814,56.07726896647364,7.252803208539262,3,FALSE
55,55.04458425566554,4668103.6248710975,FALSE,High,-15.47359769014286,32.02887284802273,9.277588783530518,8,FALSE
56,42.138144094496965,3860581.859859538,TRUE,Low,12.545910299432496,53.65338842617348,8.889549649320543,10,FALSE
57,62.653541192412376,2869617.4685022696,TRUE,Low,0.2860949834156848,52.86932679824531,9.262410304741934,1,TRUE
58,34.48661562055349,575049.1734951511,FALSE,Medium,-32.18408063386868,35.03809781977907,8.061747783329338,7,FALSE
59,36.2388314306736,6918253.871264183,FALSE,Low,-16.715061379883128,37.808191305957735,9.817607408156618,5,TRUE
60,50.54147127084434,890772.6790282244,TRUE,High,-16.525928521822237,36.2025819439441,6.897123474162072,2,TRUE
61,38.66316529922187,606077.3113426453,FALSE,High,14.356480570468394,33.95958193112165,9.841664606239647,9,FALSE
62,32.19255495816469,4873265.34483018,FALSE,High,2.1477368446108036,59.165792455896735,6.126823941245675,1,FALSE
63,41.60723054781556,637147.215046581,FALSE,High,10.176595466987825,57.88768049329519,3.8968276216182858,4,FALSE
64,62.77680776081979,1669776.9914953858,FALSE,High,-16.548306607764516,31.308518503792584,8.773710182402283,7,FALSE
65,60.287142703309655,168605.9012589067,FALSE,Low,-1.1589742114909807,37.74851087015122,5.757527765119448,1,FALSE
66,38.51693767122924,987142.507833563,FALSE,High,7.689156640479658,49.50024766148999,3.9705523198936135,2,FALSE
67,47.852209033444524,4514889.568722223,FALSE,Medium,24.4884502539091,47.629349855706096,5.638114809291437,2,FALSE
68,56.362012308090925,345868.9306270402,FALSE,Low,-12.542940366649137,31.65169488172978,7.876580671872944,1,TRUE
69,67.10188779048622,683365.311341432,TRUE,Medium,7.241901045523447,53.823275186587125,8.258048591203988,3,FALSE
70,49.16939249262214,1239852.3285475064,TRUE,High,-25.256653647218247,42.18193732900545,4.237088678404689,7,FALSE
71,47.961268378421664,752264.1817477358,FALSE,Low,8.957110308156413,42.087171440944076,5.033132259268314,6,TRUE
72,42.801806600764394,1723793.6386818516,TRUE,High,-2.6536872735254735,50.961376384366304,6.296819458249956,3,FALSE
73,32.14380151592195,1124544.0956280474,FALSE,Low,-12.547636038281201,44.20558812562376,7.202982038026676,1,TRUE
74,60.331024788320065,280848.5488268296,TRUE,Low,-9.134410243791649,48.65217526210472,9.990040892967954,6,FALSE
75,65.34426162950695,1263154.062948651,FALSE,High,28.044441377136323,45.574262011796236,7.2207586008589715,5,TRUE
76,48.139137057587504,354108.9485442424,FALSE,High,1.7126529757759945,49.43770574871451,3.6413552653975785,10,TRUE
77,61.46235067397356,4560169.901634453,FALSE,Low,0.8011961036056909,39.150141309946775,8.453273742692545,1,FALSE
78,38.559798719361424,3247544.3250450795,FALSE,Low,-34.081752266903024,34.23686943249777,9.968440886354074,9,FALSE
79,59.009656170383096,313436.51384106855,FALSE,Medium,5.459691205062012,46.646538802888244,7.0378904258832335,6,FALSE
80,55.795757537707686,867581.7681052666,TRUE,Medium,-7.779851790136627,31.052437343169004,4.4818009519949555,3,FALSE
81,50.796960247680545,1746245.5617358987,FALSE,Low,35.29963891969598,53.049283786676824,4.769590653944761,7,FALSE
82,55.0713771302253,291493.6500215781,TRUE,Medium,-21.54681945764639,42.02665046788752,5.812598405173048,8,FALSE
83,34.81489209458232,785574.9507058784,TRUE,Medium,36.37244229574431,45.046370727941394,8.428940799552947,7,FALSE
84,46.60163961350918,658431.239318561,TRUE,High,-19.040918517937953,51.35743504855782,9.71369583811611,1,TRUE
85,30.757001396268606,1682734.616790911,FALSE,Low,17.949000701290608,55.169506589882076,6.802155001088977,10,TRUE
86,43.27121511101723,8647474.122334003,FALSE,Medium,0.06148094001763785,49.65435007587075,4.824444209225476,4,FALSE
87,50.15080722980201,1368122.9355892756,FALSE,High,-22.997261245480427,40.25246600853279,3.1538087925873697,9,FALSE
88,52.14068031869829,140425.73841537817,TRUE,Low,-8.645177976521639,48.91754968324676,8.16528874821961,5,FALSE
89,45.8444108068943,2811857.4430540586,FALSE,High,24.410628799753674,39.086759292986244,6.187714451691136,2,FALSE
90,40.68018767051399,2665629.763476518,TRUE,Low,-10.229349359497588,48.63073001615703,5.423467652173713,8,FALSE
91,56.28317752853036,582318.210669882,FALSE,Low,-12.64052737780577,39.25739710684866,4.369202884612605,9,TRUE
92,59.22846711240709,680796.7484655697,FALSE,High,-12.120051278050655,53.457407942041755,9.382835126016289,2,FALSE
93,41.00699466653168,1023693.6540981914,TRUE,Low,-0.49678268640902445,45.637216796167195,9.794073212658986,3,FALSE
94,49.48174803517759,914229.6877763385,TRUE,Medium,-4.037701476185517,33.778538124170154,9.455636203521863,10,TRUE
95,32.87281113676727,417781.5793687805,FALSE,Low,-11.081143369510187,44.02916535269469,8.631266842596233,8,FALSE
96,51.33492663502693,338352.3034555313,FALSE,Low,-11.177500744146384,56.14410860929638,6.494036151794717,4,FALSE
97,66.67206478305161,3792020.7102178824,FALSE,High,-40.874357426695575,45.69904927164316,5.421135552227497,1,FALSE
98,47.02111339196563,3339838.975733766,FALSE,Medium,-6.745144224410482,51.665978003293276,7.608348990092054,1,FALSE
99,66.43970395438373,4050931.2127937167,FALSE,Low,-18.619252155987294,48.275304827839136,7.944252045126632,9,FALSE
100,63.07700449600816,3206221.699265108,FALSE,Medium,-10.0429530560828,57.81784093938768,6.467702034395188,5,FALSE
101,47.47607557103038,3356669.7836370072,FALSE,Low,27.28997411518718,58.04154516896233,4.675608412595466,3,FALSE
102,39.071033392101526,6484390.092671738,FALSE,Low,15.326324400314698,37.01420294120908,7.38831800641492,10,FALSE
103,46.63810454308987,1989149.5367182612,TRUE,High,15.347268605741966,39.91503771627322,4.337036340730265,4,TRUE
104,32.45187156833708,4376623.485595497,TRUE,Low,-15.647833839514991,34.02619624044746,9.630824079737067,4,FALSE
105,36.42210837453604,6631308.888787452,TRUE,High,-12.911885007378668,50.53624030435458,9.554328351281583,9,FALSE
106,54.53114723786712,3634373.87852125,TRUE,Low,-8.318809790106501,59.8137676413171,3.1362326219677925,6,FALSE
107,47.43424222804606,1820719.5752070944,FALSE,High,8.925215806808087,56.23047010973096,7.386737114051357,1,FALSE
108,47.22431004047394,6419977.373094501,TRUE,Low,-13.846484045497336,48.77424927195534,6.849871743703261,10,TRUE
109,56.76899738609791,2172296.193137654,FALSE,Medium,-28.98846099922454,42.35906754853204,9.644801559625193,1,FALSE
110,56.330864829942584,963550.1274261287,FALSE,High,-0.42872107202324644,47.271155782509595,4.143290382809937,9,FALSE
111,47.57073133252561,1171899.478967859,TRUE,High,12.473547861834758,31.678167970385402,5.5628144992515445,2,FALSE
112,63.18317797034979,2183492.047134077,TRUE,High,-21.38041602735421,59.92476576939225,8.69335382268764,3,TRUE
113,60.28808637522161,267522.9132638031,FALSE,Medium,-5.801512073640965,39.41374239977449,3.1356701387558132,8,FALSE
114,45.634377701207995,2524016.7779203667,FALSE,Low,-33.858775143527986,30.266887766774744,6.7844599958043545,5,FALSE
115,38.1878977548331,547258.1384264048,FALSE,Medium,-23.837040095843154,49.26651961170137,7.45774074899964,8,TRUE
116,49.42956420592964,117251.85747157403,TRUE,Low,12.468488545373555,30.582917360588908,6.030568270012736,1,FALSE
117,50.729193203151226,798699.5156242843,TRUE,Low,-1.4772354235746785,55.07838879246265,9.43241655244492,2,FALSE
118,45.288903238251805,226584.15643291498,TRUE,High,-7.69057418059311,50.10571182472631,4.690272169886157,5,FALSE
119,42.24958011880517,232339.328522616,TRUE,Low,7.744566364534624,48.24879496358335,9.5051137895789,10,FALSE
120,62.19586171209812,1273703.661072029,FALSE,Low,1.7993330980817372,35.56553303729743,3.7188418770674616,4,FALSE
121,45.55966160260141,3455832.9145912165,FALSE,High,14.36600707404352,37.90399779332802,6.495850785635412,1,FALSE
122,34.25750257447362,572697.6524446373,FALSE,Low,-13.962307957362349,41.04307112284005,9.988520502578467,2,TRUE
123,51.93310309201479,2012203.8492229756,FALSE,Low,7.991908014157446,36.53916423674673,7.28081793198362,3,FALSE
124,61.04009804315865,1744382.676063547,TRUE,Medium,-14.501128523695764,33.586638669949025,8.366968654561788,3,FALSE
125,43.45222920179367,1676398.110684187,TRUE,Medium,46.255085614009,57.3980737477541,3.2281629904173315,10,TRUE
126,48.011116152629256,2606206.8971439414,TRUE,Medium,-19.862483431481834,53.57312640175223,3.4674815493635833,7,FALSE
127,32.69700201228261,1323585.4066535113,TRUE,Medium,-30.455296710274652,53.833242373075336,4.194105327827856,4,FALSE
128,35.59786346741021,1361218.1938303628,TRUE,Low,-5.041619924483034,53.98057141341269,8.085489242337644,8,FALSE
129,40.15606980770826,630578.1318853626,FALSE,Low,20.745747310725353,40.54820622084662,3.7626495487056673,9,FALSE
130,54.53739291988313,457245.7987488804,FALSE,High,-4.4942375808341035,50.40674005402252,8.048792369896546,7,FALSE
131,51.1052552703768,1500196.575321378,FALSE,Medium,-9.921759021453724,40.26944106677547,6.275275121210143,4,FALSE
132,66.86999622732401,500974.4071345803,TRUE,Low,-8.421799520773536,57.071214211173356,3.7400883524678648,1,TRUE
133,35.131779219955206,541620.3089535051,TRUE,Low,-2.5349476185923026,57.39441492827609,3.5245196053292602,2,TRUE
134,43.41525122523308,253081.49355980728,TRUE,High,8.572161870688348,33.393905935809016,7.896967488573864,10,FALSE
135,68.18006140179932,1672771.5331314208,TRUE,High,-7.258235601670284,48.272524976637214,6.981066599255428,9,FALSE
136,54.4096262473613,3309277.5876246537,TRUE,Medium,-5.41218476513345,36.22075524413958,3.792484895559028,6,FALSE
137,56.61947352811694,2699081.0611848347,TRUE,Medium,-29.806212517002603,45.73545699007809,6.460095406509936,6,FALSE
138,47.01940833590925,942809.631417667,TRUE,Low,18.890755615368455,38.35674773901701,5.184739288175479,6,TRUE
139,38.96047883667052,2186645.849760853,FALSE,Low,1.51323619250347,36.34686178062111,9.546259230934083,8,FALSE
140,66.49081755429506,506687.58256785467,TRUE,Low,26.82372784058832,38.50885579129681,4.179810884874314,10,FALSE
141,40.019237427040935,1951548.4794351256,FALSE,Medium,-9.889953563651508,58.53778853081167,8.755252994364128,10,FALSE
142,68.02169471979141,2712550.10804179,FALSE,Low,6.637337380796367,56.10541475471109,4.922568731708452,7,FALSE
143,63.553379802033305,1020167.6847137625,TRUE,Medium,-26.3232714762757,48.188438708893955,5.974900503410026,9,FALSE
144,52.74803332053125,4343395.1569433,TRUE,High,20.24815045546315,33.833165613468736,5.197091911453754,1,FALSE
145,47.22249127924442,3107114.196407038,FALSE,Low,-11.50856801317412,39.887164325919,8.91659831488505,8,FALSE
146,67.10168718360364,371009.00968896295,FALSE,Low,-22.050334447316338,49.156936411745846,4.993905940791592,7,FALSE
147,31.279789144173265,1338434.7528317082,FALSE,High,15.496859409195753,41.61314035998657,7.493004908552393,1,FALSE
148,38.977839071303606,751447.0571697557,FALSE,Low,-37.830512940671184,37.811957518570125,4.187695115804672,3,FALSE
149,34.775512516498566,3482575.428107446,FALSE,Low,0.37076893239819525,31.486145539674908,7.833542862674221,1,FALSE
150,55.161601677536964,100000,TRUE,Low,4.882665900116657,50.26179428212345,5.17946081282571,6,TRUE
151,41.12456371076405,1079414.556985563,FALSE,Low,2.3512027266145896,59.6883590798825,5.945957079064101,7,FALSE
152,66.05395320802927,7218625.562736729,TRUE,Low,-20.826812694681983,33.17698699655011,6.483364077517763,7,FALSE
153,55.02033229917288,100000,TRUE,High,-15.04738153360181,31.56847689533606,5.136661756783724,1,FALSE
154,39.08273063600063,651743.7519414511,TRUE,High,-36.9745048601581,56.53592397691682,6.343778827693313,6,FALSE
155,44.41162057220936,3291730.980622654,FALSE,Medium,10.94586601295765,57.54645969020203,5.718794266693294,7,TRUE
156,54.008707012981176,1255452.0668044204,FALSE,High,-15.078782800757274,39.9813419370912,7.20980515377596,9,FALSE
157,51.90239037387073,586970.488431718,TRUE,High,-19.33317218383925,37.18199421186,3.511695577763021,8,FALSE
158,45.64808018505573,277992.04047016625,TRUE,Medium,17.152668051021156,58.23325137142092,5.466277135768905,6,FALSE
159,57.11597169749439,2285607.123695175,FALSE,High,-21.62345487907106,43.99032684741542,8.925351773155853,8,FALSE
160,58.64471464417875,822013.3909473295,TRUE,Low,-4.519499297441428,50.844035579357296,9.530250614276156,1,TRUE
161,54.42171460017562,288083.3407103359,FALSE,High,-7.264538545607384,51.98925475822762,7.238389945589006,4,TRUE
162,34.091621870175004,2663628.1591066257,TRUE,Low,-35.830756948649906,43.05801452603191,4.6678343245293945,10,FALSE
163,67.0024454407394,1536045.3468039436,FALSE,Medium,-9.101045667190306,40.71765793953091,5.525021464098245,7,TRUE
164,30.94115475192666,3102737.940399028,FALSE,High,2.9980543327563236,38.539394934196025,8.587758680339903,7,FALSE
165,67.81091428361833,993832.2155903165,FALSE,High,6.521081561281662,36.73990498529747,9.616380365332589,5,FALSE
166,68.84308967739344,690010.1391975434,FALSE,High,-26.50432715507272,58.697702104691416,3.3298285701312125,8,FALSE
167,67.58878249675035,1851726.679420827,FALSE,Medium,-1.6124845998951953,45.094086499884725,4.496314055752009,7,FALSE
168,52.43922255001962,1165771.5051082345,FALSE,Low,2.869587072428529,38.746737535111606,7.2304471146781,3,FALSE
169,54.04900130815804,796611.672543473,FALSE,High,32.38704401218494,55.54167031310499,4.158889898099005,8,FALSE
170,53.13823943026364,566222.7703669342,TRUE,Medium,5.174972360299124,49.18383164796978,9.665274890139699,4,FALSE
171,45.11055695824325,4211375.958767864,TRUE,Low,-15.169440464817997,34.831272438168526,8.877776425099,5,FALSE
172,37.790123987942934,1118985.455912152,FALSE,Medium,-7.852412313201858,30.13286742148921,9.602578879334033,8,FALSE
173,61.58916089683771,6504889.619353846,FALSE,Medium,-3.8484203420468215,34.721225523389876,7.751022966578603,1,FALSE
174,32.54685351625085,2367382.932748967,TRUE,Medium,12.016041080927085,57.25962226744741,6.124119505286217,8,FALSE
175,44.919875180348754,1996800.0998934684,FALSE,Low,-20.476317120057722,54.72125658765435,8.73539009457454,7,TRUE
176,52.042944645509124,2231585.2140164496,FALSE,Medium,20.51570431865188,45.16677458072081,5.834366800962016,7,FALSE
177,45.506803803145885,1063664.0426472833,FALSE,High,-28.48764294890334,56.31171693094075,7.496223634108901,6,FALSE
178,31.582610802724957,1308650.0022951446,TRUE,Medium,12.124067360353333,36.474702518898994,8.692682945402339,3,FALSE
179,43.66011377424002,341576.2058888448,FALSE,Medium,-3.374923438980949,56.40304584754631,8.796458554686978,7,FALSE
180,61.50967939756811,1452576.8509687264,FALSE,High,-27.649056806076757,54.364657786209136,8.351433727191761,6,FALSE
181,66.4107665605843,1213948.6303675424,TRUE,Low,6.2877597451366425,59.71866589738056,5.437067927792668,9,FALSE
182,39.517606161534786,861979.6242297175,FALSE,Low,3.241292529374475,44.461804723832756,9.932619338389486,7,TRUE
183,33.51261802949011,1742032.5206047362,TRUE,High,22.3517740334345,58.29659416107461,6.325253073358908,7,TRUE
184,46.53214443475008,3200940.2838597326,FALSE,Medium,-1.621317237341202,48.5215572360903,3.884682027157396,6,TRUE
185,57.099619368091226,1297151.573251216,TRUE,High,-13.25477700764742,36.40110213076696,3.4713993691839278,4,TRUE
186,39.49806656688452,998500.0345458923,FALSE,High,10.913691606913405,38.59350186539814,9.067615451989695,7,FALSE
187,31.119348406791687,2661724.111847141,FALSE,Low,-17.84050283611353,56.48417518241331,8.276052513159811,3,TRUE
188,37.0209738612175,1139235.0211411188,TRUE,High,-9.609509669235207,50.96168294548988,8.71390142547898,4,FALSE
189,64.91693440824747,836299.3793118297,FALSE,Low,-1.7691677088229356,35.80438451142982,9.877285626716912,6,FALSE
190,48.28367813490331,904146.9869675105,FALSE,Low,4.473324872005045,48.4050984447822,5.665954436874017,9,FALSE
191,49.4271132722497,657634.27028815,TRUE,Medium,-31.594461421605576,54.10333207575604,6.780672108056024,5,FALSE
192,41.178072867915034,682184.7654177843,FALSE,High,0.35220229036145395,37.620907123200595,4.682907212525606,1,FALSE
193,64.24806449562311,673729.4203863429,TRUE,High,15.094437324305183,38.04008888779208,8.535580274881795,7,TRUE
194,39.55225884914398,1051995.7610762173,TRUE,Low,13.333887640814995,56.26750156050548,4.458458821987733,7,FALSE
195,47.251387974247336,769143.6071162116,TRUE,High,6.348002476543958,42.743969494476914,7.6988956313580275,3,FALSE
196,47.62935185804963,4123186.4610100472,FALSE,High,-28.10465681463473,38.663995577953756,4.167085972847417,1,FALSE
197,58.178880866616964,2259326.9007859,TRUE,Low,12.145993804974832,33.68452342925593,5.024667416699231,4,FALSE
198,69.48953191749752,753576.2892304297,FALSE,Low,-18.14319228858192,52.31402661418542,8.907914289971814,4,FALSE
199,56.546559082344174,610884.552008515,FALSE,High,-10.238534543558753,43.2105848682113,7.111312081338838,8,FALSE
200,57.66886212863028,179505.9766774101,TRUE,Low,15.638358428851301,42.379318142775446,6.14049805724062,5,TRUE
201,32.614000560715795,194674.09057303926,FALSE,High,1.5477103001526127,34.517652781214565,7.29116148292087,6,TRUE
202,31.089863432571292,1131151.8596939405,FALSE,High,15.763902738393044,38.993898150511086,4.990795956458896,6,FALSE
203,36.41092263162136,760033.6070234965,FALSE,Low,11.653579675912772,40.91437883209437,4.643822769401595,3,TRUE
204,41.96578203700483,606792.9979451797,TRUE,High,-7.244804175910427,39.38826475292444,8.238494373392314,7,FALSE
205,61.637413147836924,620139.0820454347,FALSE,Low,-17.309636644652667,59.774717604741454,6.16200489224866,4,FALSE
206,68.8565254304558,762496.5449630796,FALSE,High,-9.306069739516753,38.74850186286494,8.829025283223018,6,FALSE
207,51.912642950192094,3378985.907362399,FALSE,High,3.9815167196409496,52.4189210543409,8.803181304829195,9,TRUE
208,56.41791961155832,911747.4321056342,FALSE,High,1.5604340820021632,49.26464091287926,8.692293691914529,6,TRUE
209,62.13676023297012,3108674.053602284,TRUE,Low,-6.045476910491426,37.95993487117812,5.955710141686723,9,TRUE
210,34.24270587041974,182610.3262857421,TRUE,High,-4.700196666198453,45.10913287522271,4.193709996761754,10,FALSE
211,66.62169605493546,517695.0834012022,TRUE,High,15.717547888314392,37.46405376121402,3.2050877392757684,2,FALSE
212,61.34637678042054,2840757.2809894816,FALSE,High,4.264003084037013,53.66699636215344,8.94835631805472,3,FALSE
213,67.77777705341578,986828.3655088843,TRUE,Medium,-11.512429366697445,50.510321483016014,7.924342803191394,3,FALSE
214,33.80258658900857,4357392.281411998,FALSE,Medium,1.4695291509256667,31.43705428345129,6.624704230111092,8,TRUE
215,40.35448592156172,2875826.6818650146,TRUE,Medium,-6.294113506664036,59.1258687665686,4.4834178681485355,7,TRUE
216,69.39760336652398,235384.2950444413,FALSE,Low,2.66843591096264,31.454369737766683,6.282225538510829,4,FALSE
217,50.961891962215304,735748.7523869397,FALSE,High,-6.471968858169426,36.60054251085967,4.002201971365139,2,FALSE
218,68.82671376690269,4192840.2097957563,TRUE,Low,-2.898657918500426,43.40625943383202,4.020408862270415,5,FALSE
219,40.07964423857629,757559.1704262802,FALSE,Low,-9.816417632799801,53.7017344404012,5.747038132278249,4,FALSE
220,44.927507285028696,885735.4944434387,TRUE,Medium,-10.833227095445768,49.10901581402868,6.562800270039588,8,FALSE
221,61.58688781782985,1854178.997380979,TRUE,High,-8.7889866881337,57.288998120930046,9.259758619358763,6,FALSE
222,37.97807762399316,853436.5083515083,FALSE,Low,5.21164003397103,34.27001952426508,3.4594535182695836,1,TRUE
223,48.619322683662176,1553512.2788711928,FALSE,Medium,47.75246410854102,47.71088242297992,6.691981995012611,4,FALSE
224,44.59636624902487,2568927.455789321,TRUE,Low,5.75237020713207,41.153409322723746,8.714438007678837,10,FALSE
225,35.74945948086679,203349.01223345354,TRUE,Medium,-11.724183066954735,35.10053215781227,6.703019004315138,3,TRUE
226,53.62049366347492,2330519.719116667,TRUE,High,12.117521129945848,34.69827455235645,6.446126484777778,4,FALSE
227,51.5389465354383,482096.1249198891,FALSE,Medium,-11.725497894704006,32.89954234845936,3.040184101788327,8,FALSE
228,33.626311756670475,9029216.763486305,FALSE,Low,12.68804179461104,39.112606805283576,5.796350011834875,7,TRUE
229,39.262983202934265,944680.0771627151,FALSE,High,22.364767818234156,39.34186095139012,9.177906609838828,1,TRUE
230,52.72126370109618,736788.3839578925,FALSE,Low,0.03372316817932658,33.08948531281203,5.96753399935551,5,TRUE
231,40.56062881834805,1537010.2904502105,FALSE,High,-6.406689241536036,34.19540044851601,5.170251206960529,1,FALSE
232,30.742822866886854,4446113.9565422,TRUE,High,15.87203712497201,49.01004982413724,5.181077389977872,2,TRUE
233,32.40204852074385,781259.4435048562,FALSE,High,-14.177591608411442,40.26220509549603,9.46625660941936,1,FALSE
234,33.724147602915764,2610577.31154024,TRUE,High,12.378437920455045,32.86740463692695,8.5696545264218,4,TRUE
235,35.395227866247296,4709122.52612897,FALSE,Medium,-3.440469165568863,54.4985021953471,5.4091653355862945,3,FALSE
236,65.8722516335547,447661.6515800255,FALSE,Medium,19.471551478548996,58.07539366185665,9.77639953023754,1,FALSE
237,44.40516913309693,3613410.5767095406,TRUE,High,12.642084607840067,42.63714130036533,6.911156830610707,3,FALSE
238,61.1413502227515,2144779.5327012246,FALSE,High,-12.628851850506607,48.178447340615094,3.869532546028495,5,FALSE
239,67.84710234031081,545429.7615542692,FALSE,Low,-3.1025842247333175,42.970270577352494,7.936117900069803,4,TRUE
240,33.184412494301796,2070707.575802571,TRUE,Low,-20.10134995817914,49.39609759720042,4.027295946609229,9,FALSE
241,34.21384413726628,6029183.138683176,FALSE,High,6.141835519189272,59.3172709364444,9.391307284822688,5,FALSE
242,39.02392492629588,1589932.6391502898,TRUE,Low,21.017690601272513,53.728076324332505,4.744786229915917,4,TRUE
243,33.77062198705971,2039311.8976872282,FALSE,High,4.12195506669938,35.542164500802755,7.315119275357574,7,FALSE
244,45.24789051152766,1910399.9148956847,FALSE,High,8.75545275163307,37.566135451197624,7.429975405102596,2,FALSE
245,33.6259198281914,1936127.8049711136,FALSE,Medium,-0.9036485964182607,57.346238172613084,4.489899899577722,7,FALSE
246,53.55820907279849,10993583.376236519,FALSE,High,-10.036151609789261,58.2891553058289,9.155813199700788,5,TRUE
247,38.00318140536547,2470571.014519385,TRUE,Low,-10.654857798859107,48.776171039789915,8.068174485815689,7,FALSE
248,40.945853693410754,8662361.71963796,FALSE,Medium,3.7196532472444894,46.02596244541928,9.294873817125335,10,TRUE
249,61.19543904438615,1002923.1071805498,TRUE,High,42.68337436006361,44.566967063583434,3.244233533507213,10,FALSE
250,65.52210067398846,402560.0613884434,TRUE,Low,-14.217105711788415,53.15082154003903,4.677834172034636,9,FALSE
251,30.570303946733475,2933350.1503185886,TRUE,High,-31.91598733808889,34.106339486315846,3.163713912013918,5,FALSE
252,61.67933068238199,682880.3890973526,FALSE,Medium,10.511670249672001,42.29071296751499,3.380495402496308,9,TRUE
253,59.85207201912999,787871.3717307686,TRUE,High,4.431409522086424,51.75644570728764,4.772193340584636,8,FALSE
254,31.647399608045816,1553789.7153806752,FALSE,Medium,2.005408200475086,32.882456495426595,3.0047579468227923,9,TRUE
255,57.765978863462806,5620070.313922988,FALSE,Low,-43.67953926842745,38.50874945288524,6.123887910274789,2,FALSE
256,68.16829483956099,2028040.054727804,FALSE,High,3.1616198993848084,51.36718360707164,9.777537377085537,2,FALSE
257,40.92088655568659,1812196.1699652767,FALSE,High,16.8961784556557,47.500431686639786,3.2188194855116308,9,FALSE
258,64.54749949276447,7358920.96721885,FALSE,Medium,-3.2637022427886504,45.180096602998674,7.393091705394909,3,TRUE
259,64.59112228825688,2754085.978539106,FALSE,Low,13.632610871821342,58.357192107941955,3.6945902567822486,10,FALSE
260,65.1524264831096,1834950.6199536882,TRUE,Medium,-2.2675451507469218,53.78819562261924,8.92050487594679,5,FALSE
261,56.72507950104773,2199759.372828518,FALSE,Medium,11.290116260238046,41.16572810802609,6.818956436123699,3,FALSE
262,45.57608592323959,2539392.9966366217,FALSE,Medium,-7.012654781677201,42.327532419003546,7.090611865976825,2,FALSE
263,65.83477945066988,2645079.37130122,FALSE,High,-1.615958840608581,43.502013492397964,9.047443800140172,6,TRUE
264,69.25438911654055,939514.7234986599,FALSE,High,-1.8989196463933102,58.88750843005255,6.349048896459863,9,FALSE
265,57.53568535670638,2339454.9822743717,TRUE,Low,1.137973865121836,52.7302658976987,4.034226524177939,9,TRUE
266,65.50926177762449,257783.98645855003,FALSE,Low,-7.611615682193137,55.27198864147067,7.945049264002591,8,TRUE
267,53.21791993454099,1721669.67264925,TRUE,Low,38.60922984076894,34.88376018824056,7.561191405868158,6,FALSE
268,36.05186451226473,498389.2590508347,FALSE,Medium,-2.915175136547097,39.35637164628133,8.23764066840522,2,FALSE
269,36.0357460193336,2140260.7860352993,FALSE,High,-5.278498833635149,50.781194732990116,7.906998221063986,9,FALSE
270,38.57816757634282,931946.8506259152,TRUE,Low,20.177546613680978,35.88759002275765,8.480007356964052,9,FALSE
271,64.6344989258796,1801922.3488261418,TRUE,Medium,-18.7532341563538,55.41418644133955,5.692823390942067,10,FALSE
272,57.71374646574259,909969.7245480239,FALSE,High,5.3411759512924215,42.88938584038988,8.370395082049072,9,FALSE
273,30.099641839042306,551758.9923152863,FALSE,Low,5.403526055861553,42.6200297777541,6.241042556008324,5,TRUE
274,45.58623502962291,1122743.7845709256,FALSE,High,24.118756171277784,59.56038357457146,3.7928816510830075,9,FALSE
275,60.349690513685346,1282886.2848238398,FALSE,Low,2.2795061946318387,36.69729151530191,4.445514077320695,10,TRUE
276,31.689766151830554,1977912.9980798645,FALSE,Medium,-15.595739129300838,49.560124401468784,7.864013837184757,2,TRUE
277,35.72903358377516,493064.45372484426,FALSE,High,40.42473303716813,59.940129371825606,7.688893917715177,1,TRUE
278,56.60183717496693,1627292.4415665215,FALSE,Low,9.024705919395531,53.72684257803485,4.004712104098871,8,FALSE
279,65.93371288850904,252200.28136898938,TRUE,Low,-15.596165825738987,54.73897347925231,5.167418796336278,3,TRUE
280,32.33147311024368,1881408.977972826,FALSE,Medium,-1.5975655703897838,57.162913971114904,3.8265417797956616,8,FALSE
281,58.384785279631615,1598133.3499868466,TRUE,Medium,3.4015148405061555,32.875551560427994,3.2823204991873354,10,FALSE
282,44.612110098823905,3338392.6845946773,FALSE,High,-9.706560472067919,31.894146983977407,5.767742464551702,1,FALSE
283,41.23511674813926,442869.53710753226,FALSE,Medium,-11.839944976807343,35.49367690226063,9.567412347299978,5,FALSE
284,39.71043833531439,936736.3336611193,TRUE,Low,-5.367319866930334,51.8773062271066,7.048650643788278,9,FALSE
285,35.37719896994531,266282.8179791022,FALSE,Medium,8.756363208975797,49.20222426764667,9.732603097800165,6,FALSE
286,63.0575804784894,3733843.3190156794,TRUE,High,36.680525019084214,50.72527712909505,3.429692419245839,6,FALSE
287,34.02390961535275,563992.844510587,TRUE,Low,11.080281317160708,51.93652981426567,8.400267026387155,1,FALSE
288,43.557606441900134,611892.4965702712,FALSE,Medium,43.65119713543993,52.083602144848555,3.6445577840786427,1,FALSE
289,55.661780973896384,1299554.6957006906,TRUE,High,15.753123623290275,37.82578346086666,3.3125331725459546,6,FALSE
290,57.672051303088665,1560824.558574505,FALSE,High,-20.883674598570337,42.93941473122686,9.341366482665762,1,FALSE
291,30.899395821616054,801699.7789983161,FALSE,Low,9.253687537341328,39.26578999031335,9.1708220213186,10,TRUE
292,68.97458395920694,3004788.3645772287,TRUE,Medium,6.41240747786152,49.13705875631422,9.784110394539312,6,FALSE
293,56.434397073462605,657005.6585917088,FALSE,High,16.448716754259877,33.291902085766196,8.712762507842854,8,TRUE
294,48.86255569756031,3210128.0462233666,FALSE,Low,-2.9020156747785903,44.427218560595065,7.613768276525661,8,FALSE
295,58.9375096000731,638457.5155892645,FALSE,High,16.308179179949185,44.111688933335245,6.185001358157024,5,FALSE
296,38.29533911310136,313490.8578073532,TRUE,High,1.4607680775808665,33.442390551790595,7.360762354452163,8,FALSE
297,44.50388489291072,3009253.2294685952,TRUE,Medium,-6.855252222008332,37.34410751843825,4.051708843559027,7,TRUE
298,36.53768845833838,391801.7149609553,FALSE,Medium,-29.31793172834273,44.50014795642346,3.866887614596635,2,FALSE
299,45.68365923129022,975795.1157728414,FALSE,Low,12.864302774309156,42.46253282530233,7.474153694929555,7,TRUE
300,31.920521818101406,958832.9501336002,FALSE,Medium,-9.90092048000285,55.35568883176893,3.846591599751264,5,TRUE
301,38.07077991776168,368166.1641355681,TRUE,Medium,-12.840221192499767,43.97339668823406,8.452675540465862,7,FALSE
302,52.25561414845288,8381667.613206181,FALSE,Medium,9.147433382657884,30.711031006649137,6.559658670565113,9,FALSE
303,57.14946744032204,3464555.456725789,FALSE,Medium,-45.83510128768842,31.557968489360064,3.237918615108356,1,FALSE
304,38.801695154979825,2367592.661746771,FALSE,Medium,5.3238002404597635,33.157632211223245,8.738653455860913,2,FALSE
305,57.745893402025104,2096123.625739747,FALSE,Medium,-17.27389749584892,54.05407723970711,3.3493836403358728,6,FALSE
306,38.7433841265738,565304.9124440728,FALSE,High,0.4540975957969038,45.67086116876453,7.162476756842807,1,FALSE
307,44.91694092750549,111859.92293587366,FALSE,Medium,-25.798971071317194,58.4102011565119,7.149600483942777,9,FALSE
308,69.27374996244907,1220918.5088047124,TRUE,High,1.3428930146843636,47.37180391559377,8.636324701365083,3,TRUE
309,46.68237455189228,2828352.7746747946,FALSE,Low,12.444312521857235,59.901292962022126,5.7047684791032225,8,FALSE
310,52.392362635582685,862499.1423634101,TRUE,High,32.15639404502222,40.83525384077802,7.746226851129904,2,TRUE
311,43.37046528235078,221249.10527132504,TRUE,Low,-17.75637650755857,36.432414029259235,5.657173719955608,10,FALSE
312,46.97084242478013,1742223.2755373616,TRUE,Medium,-13.46073226711822,31.30213756347075,7.709360745269805,2,FALSE
313,66.83021948672831,3188572.6761847637,TRUE,High,-25.83212057458014,47.62786001432687,6.73345167003572,1,TRUE
314,39.24689903855324,775434.4804400088,TRUE,High,-22.151252720935187,46.03506418643519,6.145691795274615,5,TRUE
315,59.09411524422467,2678676.374013077,FALSE,Medium,27.202428787093428,42.674787172582,7.358217417029664,9,TRUE
316,64.38385877758265,2088420.9697684704,FALSE,High,8.721890743647647,58.35144716547802,8.824705181177706,4,TRUE
317,58.419021498411894,1756316.9956854652,FALSE,High,11.705043244771021,30.499319597147405,7.499834651127458,9,FALSE
318,49.07631919719279,1081781.3094738529,FALSE,High,-7.337421190600747,44.3093961593695,9.309496056521311,5,TRUE
319,64.36318214051425,623653.3535500567,FALSE,High,8.72419495143355,35.128972919192165,4.313879765104502,6,FALSE
320,32.320751855149865,1175943.6460994682,FALSE,High,1.0598616912367436,33.87234707130119,7.207631501136348,1,TRUE
321,60.13212691992521,322929.02459233394,FALSE,High,9.009616689290201,57.71741153905168,5.86959289945662,3,FALSE
322,40.748661225661635,2290054.2276444305,FALSE,High,-2.5168390169676536,42.38377258647233,6.708628664491698,1,FALSE
323,62.8419372998178,716582.600546937,FALSE,High,-7.6034094398613234,39.27033001324162,6.20886518037878,8,FALSE
324,61.51755164377391,722176.2270680432,TRUE,Medium,36.52233805847667,30.090867953840643,3.2770336596295238,10,FALSE
325,59.21390661038458,553247.451194012,TRUE,Low,23.269185692281525,47.86991171305999,6.317712620832026,5,FALSE
326,54.0886365249753,2137931.1764127533,FALSE,Medium,-4.507915808547957,59.9914459255524,8.433815186843276,9,FALSE
327,56.35517694987357,577050.5819271593,FALSE,Low,-0.6158755981778936,30.13161880429834,4.987632797798142,6,FALSE
328,53.64621590822935,774997.6598342768,FALSE,Medium,-17.74816511529886,36.56873698113486,6.252434680704027,2,FALSE
329,32.574689984321594,756200.4504348462,FALSE,High,-11.914491848947073,44.12952239625156,5.371558509999886,1,FALSE
330,56.94798923097551,5704424.335162849,TRUE,Medium,-18.619019541701086,30.483579591382295,6.413029681891203,5,FALSE
331,63.01674366928637,337924.46255498566,FALSE,Low,30.833151652911884,58.090533453505486,3.3856853446923196,10,TRUE
332,61.11996564082801,1391974.5537370248,FALSE,High,14.206053195225135,31.51872410438955,4.381818700116128,10,FALSE
333,39.27562572993338,628901.9968350858,TRUE,Medium,-12.328934932872553,57.617608490400016,7.8715740903280675,6,FALSE
334,35.68871224299073,840439.6139548107,TRUE,High,-7.669892326195304,46.443389954511076,6.8020258757751435,5,FALSE
335,56.44720049574971,2107355.8079417353,FALSE,High,-10.931725401837175,41.91108145751059,8.998139582341537,7,FALSE
336,32.2212693747133,1786596.7367318254,FALSE,High,3.699362410156985,55.40601631393656,4.250122179510072,4,FALSE
337,35.06204462610185,494081.2474001581,FALSE,Medium,6.445037107834325,46.94438791600987,5.378000599564984,2,TRUE
338,39.973624404519796,1318157.2075734467,FALSE,Medium,-13.865916108709312,52.352895175572485,9.820221239468083,8,FALSE
339,52.59510730393231,2145619.065559164,FALSE,High,-29.38817606344321,33.726101545616984,8.6511800091248,1,FALSE
340,52.89955532178283,1966775.8350696857,FALSE,High,-0.27378590035216044,33.768491190858185,7.133471489185467,9,FALSE
341,52.09974683821201,21990735.209297486,FALSE,High,-8.596505198372228,53.472513074520975,3.939806118607521,9,FALSE
342,67.60823893360794,4997921.147552689,TRUE,Low,8.576556142739074,30.21080278325826,7.105532967718318,2,FALSE
343,35.944332256913185,876526.0568799872,FALSE,Low,-0.9518737281469668,50.880895047448575,8.404660435859114,5,FALSE
344,37.34160577878356,1022452.3585723493,FALSE,Low,-2.069734023218664,41.85416966909543,9.644598155515268,9,TRUE
345,53.555268831551075,311935.1064219594,FALSE,Medium,-6.767330299983809,38.864560124929994,8.151538762729615,8,FALSE
346,64.26039730198681,1648244.614724993,TRUE,Low,15.175761657534194,43.97182943299413,9.83109463332221,3,FALSE
347,52.792268423363566,1416792.2412510694,FALSE,Low,-15.161159201702443,34.717923200223595,4.7699833838269114,9,FALSE
348,58.00328359939158,424792.7320033125,TRUE,High,5.580520708490636,30.50954037811607,7.084661809261888,9,FALSE
349,66.14718363620341,735215.2403868618,FALSE,High,-24.054130878287207,55.94440703513101,3.9456826576497406,6,FALSE
350,36.57931015826762,1454927.2570074159,TRUE,Low,24.033926982356768,43.556969419587404,4.291703623952344,7,FALSE
351,40.41289854794741,1081089.2510597296,TRUE,High,9.537928632528523,59.571780133992434,3.5975757699925452,8,TRUE
352,67.70649022422731,576851.9407101366,TRUE,Low,-4.413678971027704,59.060888083186,4.560489876195788,1,FALSE
353,38.99524940177798,1304083.0596699559,FALSE,Medium,-12.451003765795619,37.35103252111003,8.646966777276248,6,FALSE
354,33.59818510711193,1166076.5987344147,FALSE,Medium,-9.070817002725459,49.63499929988757,8.856333141447976,6,FALSE
355,62.98685571178794,329489.51116847165,TRUE,Medium,5.505440666660425,33.55338420951739,4.759627094259486,1,FALSE
356,59.710443783551455,367835.8402404397,TRUE,Medium,-3.436932157751367,51.48316951934248,7.525928525719792,6,FALSE
357,32.18265286646783,1117552.7851591744,FALSE,High,-13.524909500656353,38.49818020127714,3.6797645937185735,9,FALSE
358,44.00106372311711,3848559.1446900177,FALSE,Medium,11.654922774056043,51.03829914936796,7.34448785148561,1,FALSE
359,32.98569199629128,1003226.0190957852,TRUE,High,-12.561582401047051,43.545882822945714,7.136859480757266,6,FALSE
360,59.90347219631076,2105189.860683868,TRUE,High,32.69556741436127,39.68705632723868,7.835153870750219,10,TRUE
361,42.31252619065344,1495164.723856008,TRUE,Medium,-2.444111798193332,41.898343039210886,7.542411679169163,8,FALSE
362,65.54225775413215,723815.1452240149,TRUE,Low,-20.612872765739436,36.5704940026626,5.217285683145747,4,TRUE
363,61.81428547017276,3402667.2380335657,FALSE,High,-15.276087266644947,52.85374815110117,5.100318779004738,1,FALSE
364,61.085279416292906,4102098.0123075205,TRUE,Low,-6.86770021051226,57.571011192630976,5.592660857131705,7,FALSE
365,31.626158207654953,563476.3094468234,FALSE,High,-8.597546662779285,53.029041301924735,3.4050945073831826,3,FALSE
366,34.21514521352947,850368.3175073047,FALSE,Medium,1.9076074196617445,49.84574529575184,7.955875067273155,10,FALSE
367,37.57425622083247,4549308.327356876,TRUE,High,-12.651226356610788,59.73857959499583,9.187256762757897,2,FALSE
368,40.72009197436273,6558200.049424327,FALSE,High,-32.67625811188846,57.4702021619305,8.299118824768811,7,TRUE
369,66.1312448605895,5468792.893932913,TRUE,Medium,19.638828631887577,37.69968511071056,5.509446366690099,6,TRUE
370,40.32612509094179,526431.4119670386,TRUE,Low,-29.178375284097747,42.03542889095843,4.5921220642048866,6,FALSE
371,30.11533080600202,12129644.668554243,FALSE,Low,6.662715838682721,57.53693907056004,8.089264282258227,5,FALSE
372,57.59071443229914,712878.1319048537,TRUE,Medium,-26.9188613813601,44.82194849057123,4.019353153184056,2,FALSE
373,42.768206568434834,2339212.4855292994,FALSE,Low,0.7811198550653211,47.13403709465638,8.126027838559821,10,FALSE
374,40.36798395216465,3892507.388728489,TRUE,High,-2.5579062257887286,43.71285745175555,3.892878246959299,6,TRUE
375,46.198388477787375,1874437.9575010543,TRUE,High,17.589270267703146,50.57654601987451,5.083581662969664,3,FALSE
376,31.37699213810265,1192920.101139959,TRUE,High,-21.080697829357874,31.88748886110261,9.555649324087426,7,TRUE
377,69.7119938582182,4399457.003255456,FALSE,High,9.505942687564337,46.13926040707156,9.875033521326259,2,FALSE
378,43.41384765692055,100000,TRUE,High,-2.4284848297766266,42.18315897742286,6.151095743523911,7,FALSE
379,40.72589311748743,2003369.425070227,TRUE,Low,-6.378587022633677,35.913270972669125,9.985653026495129,1,FALSE
380,64.25739390775561,303347.191546803,TRUE,High,2.5548424982769156,45.60637008631602,6.655261633684859,4,FALSE
381,50.12092234566808,394472.21609729686,FALSE,Medium,29.16071012632688,43.54072542395443,4.395841428544372,1,FALSE
382,59.585853004828095,2683416.3633341854,FALSE,Medium,9.963419739914933,56.24408928444609,5.659588207025081,9,FALSE
383,45.92826337553561,1823146.5694687243,FALSE,Low,-0.47649334223969897,43.151899895165116,4.256094343028963,9,FALSE
384,39.09489842131734,2932425.0864262017,TRUE,Low,2.755835366211788,43.281536421272904,9.835547284921631,10,FALSE
385,49.41768608056009,10876701.088216152,FALSE,Medium,-1.5909333478904621,51.862295335158706,6.6610000296495855,6,FALSE
386,33.48324244841933,2149845.880688392,TRUE,Medium,11.011712731248746,57.752706015016884,7.2908693288918585,1,TRUE
387,62.736195819452405,1306360.085324133,FALSE,High,-1.4318316065889007,32.35536602558568,9.411272323457524,10,TRUE
388,58.52869486436248,1323127.6043580098,FALSE,Low,-17.925816924572533,38.50916261784732,7.734600577503443,4,TRUE
389,69.51621995307505,3320456.044684989,FALSE,High,-24.488272642774565,31.37261820025742,7.612229340476915,6,FALSE
390,37.80350701883435,5249129.779580426,FALSE,Medium,8.942597422011815,56.67010331293568,7.430485387099907,5,FALSE
391,34.681895235553384,2102354.168371338,FALSE,Medium,13.699572286524248,59.27148323971778,7.47072862344794,10,FALSE
392,40.33197529613972,1932333.1205382773,FALSE,Low,11.434818241659784,39.06533846631646,9.845865319482982,1,FALSE
393,34.208793956786394,2179033.4310900653,FALSE,Low,15.129611753207858,52.288419851101935,5.28139365115203,6,FALSE
394,69.73969652317464,11003672.312366314,FALSE,High,4.568478472213195,35.99763025296852,4.100960612297058,7,TRUE
395,34.64139832183719,8821649.304923365,TRUE,Low,10.348405495665038,42.28746789973229,7.231742370640859,2,TRUE
396,52.88423673249781,6857084.3578260215,FALSE,High,-16.948862205679635,59.42881059134379,4.052347318502143,7,TRUE
397,54.82997155748308,828345.928778125,FALSE,Low,55.14061329482689,38.40113751590252,4.614951161202043,3,FALSE
398,59.75621367804706,1056799.4424477709,FALSE,Low,-8.514963368167153,46.390356060583144,4.8530046956148,1,FALSE
399,41.603328958153725,493825.44947898795,FALSE,High,3.4364547632135047,31.47765424568206,7.910914093255997,5,FALSE
400,47.11376606486738,151668.1066889044,FALSE,Low,-4.2732543052061995,39.767314482014626,8.262174971867353,7,FALSE
401,56.52434295043349,1122341.1430433767,FALSE,Low,7.264062616204304,55.12105502653867,5.720932593103498,6,TRUE
402,49.523273538798094,6052024.397812561,TRUE,Low,11.553271609392251,50.38574860431254,6.460999792208895,2,TRUE
403,61.96596724912524,4241887.696214064,TRUE,High,-18.769942434387005,50.78984568826854,5.280161552131176,7,FALSE
404,58.29848316498101,1084152.610621809,TRUE,High,2.898752467243785,46.558586661703885,8.38532181805931,5,FALSE
405,66.50295176543295,538048.1847276323,TRUE,Low,-21.708831361998815,46.124664440285414,9.602362506790087,9,FALSE
406,41.96260979399085,1029474.520536855,TRUE,Medium,20.88338386175339,32.24236572626978,6.46088247327134,7,FALSE
407,42.384535167366266,2347672.703438146,FALSE,Medium,11.020826953139235,51.078134989365935,3.0949999284930527,6,FALSE
408,65.30177996493876,549033.7004947558,TRUE,Low,-8.27248542759533,44.81774449814111,4.301884651416913,5,FALSE
409,33.26563037931919,1700557.23017428,TRUE,High,-4.2188664722822775,31.481996281072497,8.967117562657222,2,FALSE
410,30.640407484024763,11679385.087941686,FALSE,Medium,-23.722741417514996,58.90453628730029,7.344191564247012,4,FALSE
411,34.19409966096282,661686.5339193632,TRUE,Low,-12.691005180877909,33.89326559146866,6.496870237868279,1,FALSE
412,51.88068329356611,1346324.5724865587,FALSE,Low,9.596372047869556,54.933871985413134,4.267544562462717,2,TRUE
413,62.17923273332417,2060976.4549960745,TRUE,High,-0.7209846840339194,38.47666613291949,8.820590310264379,3,FALSE
414,56.440697805956006,924252.2794738349,FALSE,High,15.014564865374966,35.173849237617105,7.651578553486615,9,TRUE
415,44.561779433861375,5340103.398097591,FALSE,Medium,32.85364521720747,46.41728024929762,5.416713370010257,1,FALSE
416,53.16062745638192,4149257.2513713096,FALSE,Medium,16.316464119441825,59.697671961039305,9.031355149811134,7,TRUE
417,56.157975755631924,2133811.4193807165,TRUE,Medium,-5.574641895254942,48.480835100635886,5.5009447815828025,3,FALSE
418,39.97342807240784,1783872.7852033814,FALSE,Medium,-28.759257856474985,46.75710587762296,6.250932891387492,4,FALSE
419,33.77561615779996,1543580.1521987475,FALSE,Medium,5.239721911191102,52.04022779362276,4.659136025700718,6,FALSE
420,56.54005533084273,782637.6880888692,FALSE,Medium,-8.0804984167921,54.43132317624986,5.970463643083349,7,FALSE
421,52.02587113715708,1171716.1322273908,TRUE,Medium,10.373699786309365,55.874053000006825,3.7568150002043694,5,FALSE
422,56.091137267649174,1487072.6758161809,FALSE,Low,-6.34306740094365,46.00306960288435,4.777828152058646,6,FALSE
423,38.886928614228964,775053.5755844299,FALSE,Low,-9.497109458919525,45.2213360206224,6.998445863835514,8,FALSE
424,60.65293446183205,9957965.399955317,TRUE,Low,-15.230501282430446,48.214622845407575,7.533094280632213,6,TRUE
425,63.944026585668325,500201.0577912711,TRUE,Medium,2.1146664249898492,40.90676293708384,4.27713637938723,10,FALSE
426,45.680389795452356,275604.88324029074,FALSE,High,-36.35648990533661,38.19173024967313,5.88894756603986,5,FALSE
427,54.555360339581966,1722670.7787764184,TRUE,High,11.841326563052986,43.92017479520291,7.40335277793929,7,FALSE
428,37.01159302145243,458346.6777454148,FALSE,Low,1.201849462688281,51.707204352132976,7.930718974908814,3,FALSE
429,55.59513448737562,2045791.023470091,TRUE,Low,16.57621150880402,38.267568256706,8.51277314289473,7,FALSE
430,55.61735326424241,2178017.1743735163,FALSE,High,-5.500202196148035,30.78615954145789,7.821109143085778,8,FALSE
431,43.46992959268391,4219631.159264824,FALSE,High,9.22451772825166,34.44490172434598,8.814987394260243,2,FALSE
432,50.27344950474799,1097859.816346498,TRUE,Medium,-9.556888592945102,38.1621272675693,9.604518435196951,4,FALSE
433,45.03416543826461,1145031.9527435314,TRUE,High,21.701129190079158,42.82205918105319,9.73777198442258,9,FALSE
434,52.96994401142001,15703537.503060434,TRUE,Low,-8.51045339744752,58.41809898382053,3.579601830104366,4,FALSE
435,67.0142513141036,3373120.766858176,TRUE,High,-5.039852199141448,56.868323371745646,4.4535384168848395,8,FALSE
436,44.59839510731399,816311.2408658535,FALSE,Low,-7.999488440780189,56.817602002993226,4.561087040230632,7,TRUE
437,39.196069901809096,2111106.3972786786,FALSE,Medium,16.248279300602174,45.55859503336251,8.3042705853004,5,FALSE
438,65.24724079295993,189812.53232827908,TRUE,High,5.3492943978653535,45.42533350875601,3.762360168620944,1,TRUE
439,62.079617688432336,3374869.320358895,TRUE,Medium,-12.536950435321595,35.98922551609576,5.086620765039697,8,FALSE
440,60.380264297127724,4679514.64167841,FALSE,Low,-1.1823338325967625,31.965090644080192,9.370490588247776,5,TRUE
441,48.953585773706436,625742.5511029728,FALSE,High,15.08856178497222,57.417350022587925,6.095617837272584,10,FALSE
442,62.27967947721481,844414.4011361268,TRUE,Medium,19.722110171047827,50.50006354227662,9.921455870149657,4,TRUE
443,68.0017769522965,238960.53856312018,TRUE,High,2.998013071766543,37.40818110527471,5.605654426151887,7,FALSE
444,39.87308472394943,140758.58914290057,FALSE,High,-30.649910656971727,32.87346214056015,8.182960719335824,5,TRUE
445,69.02066323906183,195409.48922355144,FALSE,High,-6.941300808999826,31.95036086719483,3.165741384960711,2,TRUE
446,65.29817704111338,446385.09889685665,FALSE,Medium,14.268472555540459,49.73553871968761,9.1145929612685,5,TRUE
447,68.91891974955797,458921.73269136954,FALSE,Low,0.8196631171056648,42.36231906339526,8.587016609497368,5,TRUE
448,37.26914681494236,1304754.3054672547,TRUE,High,1.944417214480939,35.49830838572234,6.915172788081691,9,TRUE
449,58.47282383590937,1895775.3801780664,FALSE,Medium,-13.512307697785843,31.308045925106853,4.054399448912591,1,TRUE
450,60.65623336471617,770123.6277274524,FALSE,Medium,30.866791728012217,52.83256788505241,3.821976217906922,10,FALSE
451,35.41112316772342,502585.9083850458,FALSE,Medium,-6.079599886894063,46.334428845439106,3.3889429217670113,5,TRUE
452,34.21944850124419,268418.9564108346,FALSE,Low,4.926207431033027,42.226998636033386,4.17771607125178,4,FALSE
453,41.09429466538131,1058427.9063560758,TRUE,High,2.1820741821143437,50.80716872820631,7.122224872699007,1,FALSE
454,35.57328003458679,10824834.968933605,TRUE,High,2.8505001786567696,52.89612688589841,4.206429323414341,10,FALSE
455,40.343768037855625,616629.6624349775,FALSE,High,-20.401484115688202,45.60523245949298,7.266342240618542,7,FALSE
456,52.03622120432556,1102822.7576527328,TRUE,Medium,-3.8304496157797785,59.36468151630834,3.099602272035554,1,TRUE
457,33.97989156655967,22823682.698285874,FALSE,Medium,8.334316662367048,54.742388755548745,7.264259060611948,3,TRUE
458,42.498563351109624,1099024.4495699073,FALSE,High,-10.24571580055815,54.54289290122688,8.884082609321922,3,FALSE
459,31.28537884913385,16043714.174197054,FALSE,Medium,18.37455948355987,36.03211091598496,4.120126184541732,4,FALSE
460,56.545015797019005,2542738.401610072,FALSE,Low,12.018025605581624,31.030681924894452,4.92089825659059,5,FALSE
461,46.08951254747808,2458940.2251401898,FALSE,Medium,-23.491677513911643,39.77285423548892,8.392471595900133,9,FALSE
462,33.07877012528479,466883.9885141698,FALSE,Medium,-7.0441207358601305,37.88773275911808,7.884971325285733,5,FALSE
463,39.789738627150655,1421657.5505730414,TRUE,High,-19.892658835817752,30.47345237340778,4.073455918114632,10,FALSE
464,37.28110554628074,2303043.276747098,TRUE,High,17.79935372213706,48.49694375647232,6.6250257436186075,10,FALSE
465,66.03912495076656,3301546.5631592073,FALSE,High,-10.427492041983518,43.438966639805585,7.706090217689052,6,FALSE
466,60.80391285941005,10508909.009635936,FALSE,High,-7.6141901317910055,47.872288171201944,5.844684934942052,10,TRUE
467,48.508916422724724,217939.18198249929,FALSE,Low,9.839865596021205,39.99227448832244,7.031447549117729,7,FALSE
468,63.46760795451701,151599.4922102616,TRUE,Low,11.007547040480825,59.72472020890564,3.967298025265336,8,FALSE
469,35.412801411002874,3802774.201938383,TRUE,Medium,-0.296692247080805,39.27655880805105,9.577141834655777,2,FALSE
470,58.676999220624566,1621657.2530062168,FALSE,High,16.85829698937343,47.57404876174405,9.838512616697699,8,FALSE
471,41.530295899137855,607591.445807823,FALSE,Low,-12.729411682444907,57.51296954462305,7.362052641110495,5,FALSE
472,62.07437103614211,2640544.276963663,FALSE,High,-30.22181259119905,44.88740016007796,9.714769235579297,10,TRUE
473,37.08819707855582,2154368.2041086606,TRUE,Medium,-24.72446054357279,31.521360639017075,9.474003836512566,10,FALSE
474,62.36418576911092,5339018.741513926,FALSE,High,6.318899760532529,51.15417598513886,3.1234022218268365,9,FALSE
475,44.58789876662195,871089.7656045969,FALSE,High,1.567712523996028,31.468159456271678,3.21917464165017,9,TRUE
476,61.943787978962064,2516548.940863005,TRUE,Low,21.91629936335546,49.26258257590234,7.837626358028501,2,FALSE
477,34.599235970526934,4876986.898104409,FALSE,High,-14.120350101144508,42.74703089380637,7.159798036096618,4,FALSE
478,47.48671499080956,4710202.134290102,TRUE,Low,-7.4303445712143885,37.79181720223278,8.090099510038272,3,FALSE
479,52.416419154033065,1351233.313522022,FALSE,Medium,11.209017973252623,42.487538759596646,3.9308506627567112,6,FALSE
480,67.39663950167596,719676.8453231273,FALSE,Low,-3.003214126341444,43.35563112515956,6.50229041907005,5,FALSE
481,55.210291370749474,2267166.1852484364,TRUE,Medium,-1.550519595367168,50.05221779923886,5.9009714459534734,6,TRUE
482,68.10430497862399,1420980.2730161916,FALSE,Medium,9.787639596416028,47.09247170481831,7.427000519353896,7,TRUE
483,59.62416911497712,355826.4642224853,FALSE,Low,7.924122396600949,42.67454788321629,3.6264358488842845,6,TRUE
484,35.55325569584966,2059461.2112777992,TRUE,Medium,-4.32050418126095,57.89926217403263,3.359341555973515,1,TRUE
485,61.31165290251374,383222.24148994585,TRUE,Low,12.961898752575879,59.306813115254045,4.3610844917129725,1,TRUE
486,48.13573188148439,4154179.987215062,FALSE,High,-2.3898103553574472,41.78040590370074,7.887443150859326,10,FALSE
487,48.22363945655525,7860269.824608049,TRUE,Medium,-13.990714366099342,50.786666565109044,3.6600725001189858,10,FALSE
488,63.09557169675827,4005979.3517180257,FALSE,Medium,0.7504834336622456,39.85339411301538,9.111444510053843,4,FALSE
489,60.33888569101691,2016399.0671335175,TRUE,Low,15.024190573661343,41.179912264924496,3.097864039009437,4,FALSE
490,37.10229207761586,4604073.785535637,FALSE,Low,13.86716965711193,32.15133968973532,3.585054229479283,7,TRUE
491,47.95303923077881,1012813.3429683255,TRUE,High,-3.2110503773483936,35.128878636751324,8.7806642211508,5,FALSE
492,51.50550117716193,2588282.2339818375,FALSE,Medium,12.161721696122541,54.8313096142374,6.5636318975593895,5,FALSE
493,43.5649670381099,2593424.8310285425,TRUE,Low,26.07610037827735,49.114011162891984,8.720934806857258,10,TRUE
494,32.84964415244758,1123420.4883232077,FALSE,High,-14.818135963309736,59.122548981104046,3.1386976023204625,7,FALSE
495,63.14697834663093,3256808.8733299416,FALSE,Low,4.994783522209988,37.213154390919954,3.650629750918597,5,FALSE
496,68.09292310848832,475350.8817075376,FALSE,High,1.6184738467322473,30.673155686818063,8.406446803826839,2,FALSE
497,33.36962237022817,332071.696577314,TRUE,Low,24.915795615432966,34.65471880277619,7.446385252755135,3,TRUE
498,45.951019348576665,1959305.4506633568,TRUE,Medium,16.84825710116293,55.130687579512596,5.444548134226352,1,TRUE
499,30.631792321801186,5203855.202367896,FALSE,High,1.5645522093919702,33.557197633199394,7.153759472304955,1,TRUE
500,44.4806151278317,663171.8273022594,TRUE,High,-8.06195769949002,37.613811877090484,9.67260811990127,2,TRUE
