person_id,income,years_education,age,experience,parent_education,ability_score,urban,gender,race
1,85480.24132321296,15,54,19,16,82.50800262541964,FALSE,Male,Asian
1,66115.80994970839,15,55,20,16,82.50800262541964,FALSE,Male,Asian
1,71930.67538410827,15,56,21,16,82.50800262541964,FALSE,Male,Asian
1,32023.36697948865,15,57,22,16,82.50800262541964,FALSE,Male,Asian
1,24050.677138384715,15,58,23,16,82.50800262541964,FALSE,Male,Asian
2,55226.9448209609,16,35,30,12,118.83913143381129,TRUE,Female,Asian
2,115962.20547929792,16,36,31,12,118.83913143381129,TRUE,Female,Asian
2,55612.963610890525,16,37,32,12,118.83913143381129,TRUE,Female,Asian
2,28291.176978022777,16,38,33,12,118.83913143381129,TRUE,Female,Asian
2,51966.695100460194,16,39,34,12,118.83913143381129,TRUE,Female,Asian
3,47787.51494195791,22,30,9,20,92.10085746210787,TRUE,Female,White
3,95351.4326729936,22,31,10,20,92.10085746210787,TRUE,Female,White
3,73907.76017123676,22,32,11,20,92.10085746210787,TRUE,Female,White
3,55484.03624328424,22,33,12,20,92.10085746210787,TRUE,Female,White
3,15000,22,34,13,20,92.10085746210787,TRUE,Female,White
4,74436.62846606853,17,54,28,13,104.74931288537084,FALSE,Female,White
4,56785.01934269006,17,55,29,13,104.74931288537084,FALSE,Female,White
4,47290.03287272747,17,56,30,13,104.74931288537084,FALSE,Female,White
4,50707.21761408093,17,57,31,13,104.74931288537084,FALSE,Female,White
4,82264.00538737269,17,58,32,13,104.74931288537084,FALSE,Female,White
5,82520.13225340437,17,34,30,10,116.22656930530299,FALSE,Female,Hispanic
5,27030.357254632294,17,35,31,10,116.22656930530299,FALSE,Female,Hispanic
5,81327.41616747841,17,36,32,10,116.22656930530299,FALSE,Female,Hispanic
5,24962.575458139836,17,37,33,10,116.22656930530299,FALSE,Female,Hispanic
5,29540.484050825606,17,38,34,10,116.22656930530299,FALSE,Female,Hispanic
6,46379.14564259203,10,41,14,10,84.76123716147997,FALSE,Female,Black
6,65230.02858619194,10,42,15,10,84.76123716147997,FALSE,Female,Black
6,60690.210623388586,10,43,16,10,84.76123716147997,FALSE,Female,Black
6,76682.64623552245,10,44,17,10,84.76123716147997,FALSE,Female,Black
6,15000,10,45,18,10,84.76123716147997,FALSE,Female,Black
7,56919.65121838803,10,44,5,15,111.89517953055703,FALSE,Male,Asian
7,65992.42667956231,10,45,6,15,111.89517953055703,FALSE,Male,Asian
7,45099.10017520308,10,46,7,15,111.89517953055703,FALSE,Male,Asian
7,48650.015914830314,10,47,8,15,111.89517953055703,FALSE,Male,Asian
7,36660.39498277897,10,48,9,15,111.89517953055703,FALSE,Male,Asian
8,21841.447155286372,12,52,12,10,90.34762303113453,TRUE,Female,Asian
8,102231.75006831849,12,53,13,10,90.34762303113453,TRUE,Female,Asian
8,74579.71797781314,12,54,14,10,90.34762303113453,TRUE,Female,Asian
8,60457.55012667208,12,55,15,10,90.34762303113453,TRUE,Female,Asian
8,46574.52707473615,12,56,16,10,90.34762303113453,TRUE,Female,Asian
9,15000,14,30,1,18,92.53571184037999,TRUE,Male,Other
9,15000,14,31,2,18,92.53571184037999,TRUE,Male,Other
9,44409.252851217505,14,32,3,18,92.53571184037999,TRUE,Male,Other
9,33286.956483735274,14,33,4,18,92.53571184037999,TRUE,Male,Other
9,77423.20160854752,14,34,5,18,92.53571184037999,TRUE,Male,Other
10,48802.7467064257,10,45,13,20,111.60756666142123,FALSE,Male,Black
10,39698.13836047338,10,46,14,20,111.60756666142123,FALSE,Male,Black
10,25774.030242173903,10,47,15,20,111.60756666142123,FALSE,Male,Black
10,45788.35656929734,10,48,16,20,111.60756666142123,FALSE,Male,Black
10,39055.009976025016,10,49,17,20,111.60756666142123,FALSE,Male,Black
11,89720.12340148156,19,46,14,10,106.53051674499599,TRUE,Female,Other
11,108125.75700105683,19,47,15,10,106.53051674499599,TRUE,Female,Other
11,91939.89826256818,19,48,16,10,106.53051674499599,TRUE,Female,Other
11,20457.050645811898,19,49,17,10,106.53051674499599,TRUE,Female,Other
11,66755.05078583452,19,50,18,10,106.53051674499599,TRUE,Female,Other
12,61643.50195007562,18,55,23,13,111.00098548541577,FALSE,Female,Asian
12,110972.19553692597,18,56,24,13,111.00098548541577,FALSE,Female,Asian
12,74405.48108215402,18,57,25,13,111.00098548541577,FALSE,Female,Asian
12,60812.86285791873,18,58,26,13,111.00098548541577,FALSE,Female,Asian
12,71121.06158152463,18,59,27,13,111.00098548541577,FALSE,Female,Asian
13,95442.81766465113,11,54,15,13,96.24437969797046,FALSE,Female,Asian
13,44687.98436491655,11,55,16,13,96.24437969797046,FALSE,Female,Asian
13,27621.824920436655,11,56,17,13,96.24437969797046,FALSE,Female,Asian
13,49653.43428877257,11,57,18,13,96.24437969797046,FALSE,Female,Asian
13,40323.828658174505,11,58,19,13,96.24437969797046,FALSE,Female,Asian
14,43718.44638978964,16,33,17,9,114.54718935030353,TRUE,Male,Black
14,48573.98596019811,16,34,18,9,114.54718935030353,TRUE,Male,Black
14,63075.46066709795,16,35,19,9,114.54718935030353,TRUE,Male,Black
14,36921.844223789245,16,36,20,9,114.54718935030353,TRUE,Male,Black
14,48669.842965172094,16,37,21,9,114.54718935030353,TRUE,Male,Black
15,44540.17438396965,12,47,8,20,92.86489577266909,TRUE,Female,Hispanic
15,54950.01638995222,12,48,9,20,92.86489577266909,TRUE,Female,Hispanic
15,75061.94080698796,12,49,10,20,92.86489577266909,TRUE,Female,Hispanic
15,79691.87200360709,12,50,11,20,92.86489577266909,TRUE,Female,Hispanic
15,76414.50817296153,12,51,12,20,92.86489577266909,TRUE,Female,Hispanic
16,44108.82834668238,10,54,22,9,107.45219593399885,TRUE,Female,White
16,20976.26072820699,10,55,23,9,107.45219593399885,TRUE,Female,White
16,57739.90678951694,10,56,24,9,107.45219593399885,TRUE,Female,White
16,43191.04194379681,10,57,25,9,107.45219593399885,TRUE,Female,White
16,15000,10,58,26,9,107.45219593399885,TRUE,Female,White
17,33729.46798740282,10,42,16,12,98.48810454962896,FALSE,Male,Hispanic
17,69161.79871367884,10,43,17,12,98.48810454962896,FALSE,Male,Hispanic
17,68931.22046402999,10,44,18,12,98.48810454962896,FALSE,Male,Hispanic
17,75404.80785972341,10,45,19,12,98.48810454962896,FALSE,Male,Hispanic
17,89193.28968630359,10,46,20,12,98.48810454962896,FALSE,Male,Hispanic
18,59262.32588245951,21,50,25,13,108.22333657788286,TRUE,Female,White
18,46066.796537826056,21,51,26,13,108.22333657788286,TRUE,Female,White
18,35981.789947741614,21,52,27,13,108.22333657788286,TRUE,Female,White
18,80035.97099112366,21,53,28,13,108.22333657788286,TRUE,Female,White
18,55919.75530917807,21,54,29,13,108.22333657788286,TRUE,Female,White
19,15222.216893275265,16,48,25,9,111.51614447340442,FALSE,Male,Black
19,68240.34286968781,16,49,26,9,111.51614447340442,FALSE,Male,Black
19,15000,16,50,27,9,111.51614447340442,FALSE,Male,Black
19,61735.53647226657,16,51,28,9,111.51614447340442,FALSE,Male,Black
19,18371.997936865537,16,52,29,9,111.51614447340442,FALSE,Male,Black
20,72505.5312401756,13,35,22,9,115.89352827219525,FALSE,Male,White
20,24335.746964483304,13,36,23,9,115.89352827219525,FALSE,Male,White
20,37164.67197958824,13,37,24,9,115.89352827219525,FALSE,Male,White
20,75563.4847224241,13,38,25,9,115.89352827219525,FALSE,Male,White
20,35652.272756849634,13,39,26,9,115.89352827219525,FALSE,Male,White
21,50713.92017161357,16,53,30,17,113.29036221091731,FALSE,Male,Other
21,28946.226192527636,16,54,31,17,113.29036221091731,FALSE,Male,Other
21,67324.73399533401,16,55,32,17,113.29036221091731,FALSE,Male,Other
21,81926.07282896593,16,56,33,17,113.29036221091731,FALSE,Male,Other
21,45359.04605404233,16,57,34,17,113.29036221091731,FALSE,Male,Other
22,106543.91688388806,18,46,16,10,97.45740331903389,TRUE,Female,Asian
22,57779.66046231812,18,47,17,10,97.45740331903389,TRUE,Female,Asian
22,30382.244521298402,18,48,18,10,97.45740331903389,TRUE,Female,Asian
22,28849.42166649298,18,49,19,10,97.45740331903389,TRUE,Female,Asian
22,48996.512952802106,18,50,20,10,97.45740331903389,TRUE,Female,Asian
23,110878.18748097574,16,48,9,11,97.1568620042978,FALSE,Female,Hispanic
23,42032.918639245865,16,49,10,11,97.1568620042978,FALSE,Female,Hispanic
23,20560.733755918165,16,50,11,11,97.1568620042978,FALSE,Female,Hispanic
23,78478.14853355328,16,51,12,11,97.1568620042978,FALSE,Female,Hispanic
23,38663.39919651959,16,52,13,11,97.1568620042978,FALSE,Female,Hispanic
24,46338.179887762686,18,25,14,16,111.00098043139708,TRUE,Male,Other
24,66479.89480069443,18,26,15,16,111.00098043139708,TRUE,Male,Other
24,76254.28542360147,18,27,16,16,111.00098043139708,TRUE,Male,Other
24,15000,18,28,17,16,111.00098043139708,TRUE,Male,Other
24,74733.12421655368,18,29,18,16,111.00098043139708,TRUE,Male,Other
25,44387.03142609859,13,28,17,18,105.79230950989566,FALSE,Male,White
25,67964.32954129756,13,29,18,18,105.79230950989566,FALSE,Male,White
25,31901.10954169016,13,30,19,18,105.79230950989566,FALSE,Male,White
25,21119.59531017153,13,31,20,18,105.79230950989566,FALSE,Male,White
25,35953.9529443801,13,32,21,18,105.79230950989566,FALSE,Male,White
26,61741.697268185904,16,40,8,18,99.80475610139975,FALSE,Female,Hispanic
26,88388.99756876551,16,41,9,18,99.80475610139975,FALSE,Female,Hispanic
26,28919.815353958697,16,42,10,18,99.80475610139975,FALSE,Female,Hispanic
26,35679.405619366415,16,43,11,18,99.80475610139975,FALSE,Female,Hispanic
26,63403.842060141316,16,44,12,18,99.80475610139975,FALSE,Female,Hispanic
27,77199.39384675198,11,26,29,15,124.57796599905751,FALSE,Male,Asian
27,32760.711613184027,11,27,30,15,124.57796599905751,FALSE,Male,Asian
27,67778.5546991636,11,28,31,15,124.57796599905751,FALSE,Male,Asian
27,15000,11,29,32,15,124.57796599905751,FALSE,Male,Asian
27,43465.87688716293,11,30,33,15,124.57796599905751,FALSE,Male,Asian
28,15000,21,55,21,16,120.41623770708736,FALSE,Female,Other
28,80503.41948688892,21,56,22,16,120.41623770708736,FALSE,Female,Other
28,92253.16450510085,21,57,23,16,120.41623770708736,FALSE,Female,Other
28,29234.705450709327,21,58,24,16,120.41623770708736,FALSE,Female,Other
28,38710.273461978824,21,59,25,16,120.41623770708736,FALSE,Female,Other
29,54903.677988902986,14,46,10,14,73.41107338621161,TRUE,Male,Asian
29,15000,14,47,11,14,73.41107338621161,TRUE,Male,Asian
29,44073.30748659788,14,48,12,14,73.41107338621161,TRUE,Male,Asian
29,69228.79804073341,14,49,13,14,73.41107338621161,TRUE,Male,Asian
29,108402.87828669608,14,50,14,14,73.41107338621161,TRUE,Male,Asian
30,51461.59199156776,20,54,11,8,119.1108039698259,FALSE,Male,White
30,33001.22339253975,20,55,12,8,119.1108039698259,FALSE,Male,White
30,94649.09515173113,20,56,13,8,119.1108039698259,FALSE,Male,White
30,36716.97927859597,20,57,14,8,119.1108039698259,FALSE,Male,White
30,90853.55526822772,20,58,15,8,119.1108039698259,FALSE,Male,White
31,35378.15770908426,21,32,19,9,105.52227418580132,TRUE,Male,Black
31,76303.9119168534,21,33,20,9,105.52227418580132,TRUE,Male,Black
31,49349.047352975445,21,34,21,9,105.52227418580132,TRUE,Male,Black
31,84675.86126698177,21,35,22,9,105.52227418580132,TRUE,Male,Black
31,47776.574863166075,21,36,23,9,105.52227418580132,TRUE,Male,Black
32,57835.9280843247,21,39,27,18,66.67442257295826,FALSE,Female,Hispanic
32,82729.8262063141,21,40,28,18,66.67442257295826,FALSE,Female,Hispanic
32,56158.779204333645,21,41,29,18,66.67442257295826,FALSE,Female,Hispanic
32,71740.12638241705,21,42,30,18,66.67442257295826,FALSE,Female,Hispanic
32,97714.46351810404,21,43,31,18,66.67442257295826,FALSE,Female,Hispanic
33,16562.092308974414,21,29,18,17,103.46514498282075,TRUE,Male,White
33,26204.800089598742,21,30,19,17,103.46514498282075,TRUE,Male,White
33,85705.29087213082,21,31,20,17,103.46514498282075,TRUE,Male,White
33,75578.56943906599,21,32,21,17,103.46514498282075,TRUE,Male,White
33,39738.06366900339,21,33,22,17,103.46514498282075,TRUE,Male,White
34,53303.71168685118,22,46,1,10,98.14689340091101,FALSE,Male,Black
34,26814.486398969108,22,47,2,10,98.14689340091101,FALSE,Male,Black
34,48614.91799605867,22,48,3,10,98.14689340091101,FALSE,Male,Black
34,101046.78411791062,22,49,4,10,98.14689340091101,FALSE,Male,Black
34,48306.10752111483,22,50,5,10,98.14689340091101,FALSE,Male,Black
35,61859.57700263206,17,48,18,15,80.98835511357203,FALSE,Female,Other
35,15000,17,49,19,15,80.98835511357203,FALSE,Female,Other
35,47603.368817095965,17,50,20,15,80.98835511357203,FALSE,Female,Other
35,15000,17,51,21,15,80.98835511357203,FALSE,Female,Other
35,81796.62312625631,17,52,22,15,80.98835511357203,FALSE,Female,Other
36,69364.94484933624,20,27,28,16,117.52756492473986,FALSE,Female,Hispanic
36,52065.82878180387,20,28,29,16,117.52756492473986,FALSE,Female,Hispanic
36,42843.64256787248,20,29,30,16,117.52756492473986,FALSE,Female,Hispanic
36,48040.026393057226,20,30,31,16,117.52756492473986,FALSE,Female,Hispanic
36,37238.67534553435,20,31,32,16,117.52756492473986,FALSE,Female,Hispanic
37,87736.6469540055,15,31,11,9,120.41318381350399,FALSE,Male,Other
37,58253.37671969165,15,32,12,9,120.41318381350399,FALSE,Male,Other
37,43748.94411954543,15,33,13,9,120.41318381350399,FALSE,Male,Other
37,15000,15,34,14,9,120.41318381350399,FALSE,Male,Other
37,74247.55239001359,15,35,15,9,120.41318381350399,FALSE,Male,Other
38,79187.09863780903,22,32,20,17,100.81561612671476,FALSE,Female,White
38,15000,22,33,21,17,100.81561612671476,FALSE,Female,White
38,15000,22,34,22,17,100.81561612671476,FALSE,Female,White
38,75390.5526665004,22,35,23,17,100.81561612671476,FALSE,Female,White
38,80339.02487971714,22,36,24,17,100.81561612671476,FALSE,Female,White
39,46090.0373803406,14,37,21,16,116.7508121573936,FALSE,Female,Other
39,41649.76025469083,14,38,22,16,116.7508121573936,FALSE,Female,Other
39,44452.955013314604,14,39,23,16,116.7508121573936,FALSE,Female,Other
39,66032.68568797935,14,40,24,16,116.7508121573936,FALSE,Female,Other
39,35107.85767405491,14,41,25,16,116.7508121573936,FALSE,Female,Other
40,41314.55167049919,16,55,22,20,80.98288814260764,TRUE,Female,White
40,86719.14088796615,16,56,23,20,80.98288814260764,TRUE,Female,White
40,41986.71219259247,16,57,24,20,80.98288814260764,TRUE,Female,White
40,77594.48579369322,16,58,25,20,80.98288814260764,TRUE,Female,White
40,46719.23300415704,16,59,26,20,80.98288814260764,TRUE,Female,White
41,56750.58781497895,21,39,1,15,83.97711062945017,FALSE,Female,Other
41,70271.46448137952,21,40,2,15,83.97711062945017,FALSE,Female,Other
41,15000,21,41,3,15,83.97711062945017,FALSE,Female,Other
41,28985.62223895127,21,42,4,15,83.97711062945017,FALSE,Female,Other
41,34578.08935822516,21,43,5,15,83.97711062945017,FALSE,Female,Other
42,48954.78676456067,18,48,2,18,109.82541412791196,TRUE,Female,Hispanic
42,36157.79724015019,18,49,3,18,109.82541412791196,TRUE,Female,Hispanic
42,65243.08835785352,18,50,4,18,109.82541412791196,TRUE,Female,Hispanic
42,61790.393618400376,18,51,5,18,109.82541412791196,TRUE,Female,Hispanic
42,61689.67155419932,18,52,6,18,109.82541412791196,TRUE,Female,Hispanic
43,73145.19970673659,14,40,3,19,92.79836870681974,TRUE,Male,Hispanic
43,105798.03367519673,14,41,4,19,92.79836870681974,TRUE,Male,Hispanic
43,34243.036774568136,14,42,5,19,92.79836870681974,TRUE,Male,Hispanic
43,31984.622791052785,14,43,6,19,92.79836870681974,TRUE,Male,Hispanic
43,86672.08820069747,14,44,7,19,92.79836870681974,TRUE,Male,Hispanic
44,42302.46050660284,14,31,13,12,90.50585382558845,FALSE,Female,Black
44,118816.06297227627,14,32,14,12,90.50585382558845,FALSE,Female,Black
44,50315.62801146857,14,33,15,12,90.50585382558845,FALSE,Female,Black
44,41576.87213776213,14,34,16,12,90.50585382558845,FALSE,Female,Black
44,74196.49847676279,14,35,17,12,90.50585382558845,FALSE,Female,Black
45,36811.691802366244,11,46,28,20,87.50354734938026,TRUE,Female,Black
45,66259.44520814443,11,47,29,20,87.50354734938026,TRUE,Female,Black
45,32265.565330489848,11,48,30,20,87.50354734938026,TRUE,Female,Black
45,44642.39456502998,11,49,31,20,87.50354734938026,TRUE,Female,Black
45,79911.8603585164,11,50,32,20,87.50354734938026,TRUE,Female,Black
46,46149.76905162989,19,48,15,9,113.74602539612188,FALSE,Female,Black
46,65558.17297400154,19,49,16,9,113.74602539612188,FALSE,Female,Black
46,59985.7458583311,19,50,17,9,113.74602539612188,FALSE,Female,Black
46,21827.303251524256,19,51,18,9,113.74602539612188,FALSE,Female,Black
46,38741.557477368886,19,52,19,9,113.74602539612188,FALSE,Female,Black
47,66644.88109979106,10,26,17,15,100.258277264879,TRUE,Female,Hispanic
47,115769.30072877163,10,27,18,15,100.258277264879,TRUE,Female,Hispanic
47,47890.55080281061,10,28,19,15,100.258277264879,TRUE,Female,Hispanic
47,15000,10,29,20,15,100.258277264879,TRUE,Female,Hispanic
47,32819.90288066553,10,30,21,15,100.258277264879,TRUE,Female,Hispanic
48,75831.45999177011,16,43,9,12,125.03978822435782,FALSE,Female,White
48,48553.52054622145,16,44,10,12,125.03978822435782,FALSE,Female,White
48,81562.208007833,16,45,11,12,125.03978822435782,FALSE,Female,White
48,62010.55577010105,16,46,12,12,125.03978822435782,FALSE,Female,White
48,65507.25019131539,16,47,13,12,125.03978822435782,FALSE,Female,White
49,50702.00150953354,15,40,3,16,100.09865549394328,TRUE,Male,Black
49,73742.69995075202,15,41,4,16,100.09865549394328,TRUE,Male,Black
49,74434.76485754164,15,42,5,16,100.09865549394328,TRUE,Male,Black
49,89167.65298340401,15,43,6,16,100.09865549394328,TRUE,Male,Black
49,77632.79042652724,15,44,7,16,100.09865549394328,TRUE,Male,Black
50,89318.03011129439,10,41,13,20,115.37147556623768,TRUE,Female,Black
50,45453.99272079466,10,42,14,20,115.37147556623768,TRUE,Female,Black
50,56088.512174082374,10,43,15,20,115.37147556623768,TRUE,Female,Black
50,48699.767455716945,10,44,16,20,115.37147556623768,TRUE,Female,Black
50,55517.22451450573,10,45,17,20,115.37147556623768,TRUE,Female,Black
51,48020.54889616447,15,38,28,12,104.67544975975137,FALSE,Female,Black
51,62749.82055700689,15,39,29,12,104.67544975975137,FALSE,Female,Black
51,56083.29812917276,15,40,30,12,104.67544975975137,FALSE,Female,Black
51,73790.55223513627,15,41,31,12,104.67544975975137,FALSE,Female,Black
51,30981.603645799696,15,42,32,12,104.67544975975137,FALSE,Female,Black
52,62505.072853452046,20,48,16,11,77.87097110899506,FALSE,Female,White
52,71455.36790703535,20,49,17,11,77.87097110899506,FALSE,Female,White
52,60589.130367839454,20,50,18,11,77.87097110899506,FALSE,Female,White
52,18372.22313239653,20,51,19,11,77.87097110899506,FALSE,Female,White
52,60200.638655139795,20,52,20,11,77.87097110899506,FALSE,Female,White
53,74344.18357532208,16,34,30,17,122.54587863972856,TRUE,Female,Black
53,67571.8665604709,16,35,31,17,122.54587863972856,TRUE,Female,Black
53,25249.491761570833,16,36,32,17,122.54587863972856,TRUE,Female,Black
53,41369.718346479334,16,37,33,17,122.54587863972856,TRUE,Female,Black
53,103716.55365222124,16,38,34,17,122.54587863972856,TRUE,Female,Black
54,18004.99468514933,17,38,12,19,112.1362443248298,TRUE,Female,Black
54,108551.36426666696,17,39,13,19,112.1362443248298,TRUE,Female,Black
54,41381.16340558485,17,40,14,19,112.1362443248298,TRUE,Female,Black
54,56593.45059445891,17,41,15,19,112.1362443248298,TRUE,Female,Black
54,40025.14484605255,17,42,16,19,112.1362443248298,TRUE,Female,Black
55,28118.160474655964,17,29,19,15,110.76860654653738,TRUE,Female,Black
55,113303.06452534549,17,30,20,15,110.76860654653738,TRUE,Female,Black
55,71763.75194691686,17,31,21,15,110.76860654653738,TRUE,Female,Black
55,70906.31936661911,17,32,22,15,110.76860654653738,TRUE,Female,Black
55,76160.87540559609,17,33,23,15,110.76860654653738,TRUE,Female,Black
56,15000,14,54,18,13,120.09176137441266,TRUE,Male,Hispanic
56,69205.3888120612,14,55,19,13,120.09176137441266,TRUE,Male,Hispanic
56,69328.85531912485,14,56,20,13,120.09176137441266,TRUE,Male,Hispanic
56,64387.2529735917,14,57,21,13,120.09176137441266,TRUE,Male,Hispanic
56,26161.647565961615,14,58,22,13,120.09176137441266,TRUE,Male,Hispanic
57,59979.137887263845,14,35,14,17,117.86859011077235,FALSE,Male,White
57,31069.32170226368,14,36,15,17,117.86859011077235,FALSE,Male,White
57,66184.47874092766,14,37,16,17,117.86859011077235,FALSE,Male,White
57,32902.00929857013,14,38,17,17,117.86859011077235,FALSE,Male,White
57,75259.0090001334,14,39,18,17,117.86859011077235,FALSE,Male,White
58,64965.52374285471,16,25,30,9,104.26503437756215,TRUE,Male,Hispanic
58,15000,16,26,31,9,104.26503437756215,TRUE,Male,Hispanic
58,66254.89563118284,16,27,32,9,104.26503437756215,TRUE,Male,Hispanic
58,44960.397012197536,16,28,33,9,104.26503437756215,TRUE,Male,Hispanic
58,60751.85831179643,16,29,34,9,104.26503437756215,TRUE,Male,Hispanic
59,60585.03260837755,11,39,28,18,89.08602727243655,FALSE,Male,Hispanic
59,36614.07269276101,11,40,29,18,89.08602727243655,FALSE,Male,Hispanic
59,56625.6319507906,11,41,30,18,89.08602727243655,FALSE,Male,Hispanic
59,59010.695962959115,11,42,31,18,89.08602727243655,FALSE,Male,Hispanic
59,73797.36636784639,11,43,32,18,89.08602727243655,FALSE,Male,Hispanic
60,70206.94689835994,12,35,15,19,80.82997547789643,FALSE,Male,Asian
60,86882.99168404391,12,36,16,19,80.82997547789643,FALSE,Male,Asian
60,47271.066865714805,12,37,17,19,80.82997547789643,FALSE,Male,Asian
60,59851.015243001166,12,38,18,19,80.82997547789643,FALSE,Male,Asian
60,37609.759207566494,12,39,19,19,80.82997547789643,FALSE,Male,Asian
61,27256.068844032125,20,44,1,14,101.53141699364986,TRUE,Female,Other
61,20998.509582743758,20,45,2,14,101.53141699364986,TRUE,Female,Other
61,37836.212981041244,20,46,3,14,101.53141699364986,TRUE,Female,Other
61,91605.91447667996,20,47,4,14,101.53141699364986,TRUE,Female,Other
61,102940.8112427809,20,48,5,14,101.53141699364986,TRUE,Female,Other
62,65274.65119676314,15,44,2,15,105.60106939216855,FALSE,Male,White
62,46527.3839830306,15,45,3,15,105.60106939216855,FALSE,Male,White
62,91760.60210761221,15,46,4,15,105.60106939216855,FALSE,Male,White
62,42895.5433091162,15,47,5,15,105.60106939216855,FALSE,Male,White
62,23785.84618474996,15,48,6,15,105.60106939216855,FALSE,Male,White
63,62966.078633219324,13,33,22,17,89.20802757978288,FALSE,Male,White
63,102496.50754436824,13,34,23,17,89.20802757978288,FALSE,Male,White
63,49879.32071321405,13,35,24,17,89.20802757978288,FALSE,Male,White
63,54923.41812133161,13,36,25,17,89.20802757978288,FALSE,Male,White
63,44046.948135206316,13,37,26,17,89.20802757978288,FALSE,Male,White
64,54742.83775232304,10,42,27,17,80.90158882811056,TRUE,Male,Hispanic
64,86069.6970966443,10,43,28,17,80.90158882811056,TRUE,Male,Hispanic
64,43757.76868313677,10,44,29,17,80.90158882811056,TRUE,Male,Hispanic
64,87317.09981358236,10,45,30,17,80.90158882811056,TRUE,Male,Hispanic
64,60875.25795727249,10,46,31,17,80.90158882811056,TRUE,Male,Hispanic
65,69483.10084915871,19,37,28,17,84.47644512923506,TRUE,Male,Other
65,45717.093612452045,19,38,29,17,84.47644512923506,TRUE,Male,Other
65,69020.36620760112,19,39,30,17,84.47644512923506,TRUE,Male,Other
65,37607.79662610762,19,40,31,17,84.47644512923506,TRUE,Male,Other
65,88782.83869493318,19,41,32,17,84.47644512923506,TRUE,Male,Other
66,42846.236376929985,13,28,9,20,100.51835959493228,FALSE,Female,Black
66,98159.04061253702,13,29,10,20,100.51835959493228,FALSE,Female,Black
66,15000,13,30,11,20,100.51835959493228,FALSE,Female,Black
66,67213.55438173373,13,31,12,20,100.51835959493228,FALSE,Female,Black
66,70871.93807876471,13,32,13,20,100.51835959493228,FALSE,Female,Black
67,37498.77937246655,16,28,26,11,115.11714867453621,TRUE,Female,Asian
67,78731.48004576011,16,29,27,11,115.11714867453621,TRUE,Female,Asian
67,64534.23779455972,16,30,28,11,115.11714867453621,TRUE,Female,Asian
67,34240.71782957965,16,31,29,11,115.11714867453621,TRUE,Female,Asian
67,71979.0961122042,16,32,30,11,115.11714867453621,TRUE,Female,Asian
68,129431.20473950096,17,33,26,8,95.16540959943116,TRUE,Female,Asian
68,50347.06714377473,17,34,27,8,95.16540959943116,TRUE,Female,Asian
68,21144.1336549095,17,35,28,8,95.16540959943116,TRUE,Female,Asian
68,31007.86486101635,17,36,29,8,95.16540959943116,TRUE,Female,Asian
68,46311.64267792709,17,37,30,8,95.16540959943116,TRUE,Female,Asian
69,66365.86517985449,22,54,1,18,96.85401898739167,FALSE,Female,Hispanic
69,51076.815081484856,22,55,2,18,96.85401898739167,FALSE,Female,Hispanic
69,16687.772345620535,22,56,3,18,96.85401898739167,FALSE,Female,Hispanic
69,31266.416786802307,22,57,4,18,96.85401898739167,FALSE,Female,Hispanic
69,75888.5648166629,22,58,5,18,96.85401898739167,FALSE,Female,Hispanic
70,46148.993877857945,13,29,30,8,82.64833252028144,FALSE,Male,Other
70,98839.2113235482,13,30,31,8,82.64833252028144,FALSE,Male,Other
70,46678.10383242088,13,31,32,8,82.64833252028144,FALSE,Male,Other
70,74390.17176225268,13,32,33,8,82.64833252028144,FALSE,Male,Other
70,82104.49961220857,13,33,34,8,82.64833252028144,FALSE,Male,Other
71,63484.19583008125,13,35,12,18,78.43316021257279,FALSE,Female,White
71,62657.912416939645,13,36,13,18,78.43316021257279,FALSE,Female,White
71,21972.572142912697,13,37,14,18,78.43316021257279,FALSE,Female,White
71,60141.883831921514,13,38,15,18,78.43316021257279,FALSE,Female,White
71,35412.81215469571,13,39,16,18,78.43316021257279,FALSE,Female,White
72,85194.34740356998,11,32,25,11,86.77819850126913,TRUE,Female,Hispanic
72,62387.607297666684,11,33,26,11,86.77819850126913,TRUE,Female,Hispanic
72,93268.2096466661,11,34,27,11,86.77819850126913,TRUE,Female,Hispanic
72,85125.08056308246,11,35,28,11,86.77819850126913,TRUE,Female,Hispanic
72,43991.8603817521,11,36,29,11,86.77819850126913,TRUE,Female,Hispanic
73,95146.04870111111,13,45,3,19,103.2508193869882,FALSE,Female,Other
73,49869.15654407882,13,46,4,19,103.2508193869882,FALSE,Female,Other
73,88016.67248207761,13,47,5,19,103.2508193869882,FALSE,Female,Other
73,15000,13,48,6,19,103.2508193869882,FALSE,Female,Other
73,23610.455582400282,13,49,7,19,103.2508193869882,FALSE,Female,Other
74,66372.7430248507,11,50,3,18,114.98038521342232,TRUE,Male,Black
74,48704.381073959616,11,51,4,18,114.98038521342232,TRUE,Male,Black
74,60121.74619906247,11,52,5,18,114.98038521342232,TRUE,Male,Black
74,27576.17843772388,11,53,6,18,114.98038521342232,TRUE,Male,Black
74,54364.135046590505,11,54,7,18,114.98038521342232,TRUE,Male,Black
75,63773.456765371426,12,49,7,18,91.17701328560122,FALSE,Male,Black
75,87261.18259001423,12,50,8,18,91.17701328560122,FALSE,Male,Black
75,34549.94269270331,12,51,9,18,91.17701328560122,FALSE,Male,Black
75,24716.09348969125,12,52,10,18,91.17701328560122,FALSE,Male,Black
75,89801.00859403067,12,53,11,18,91.17701328560122,FALSE,Male,Black
76,64544.20430127703,15,39,24,17,111.37030742492371,TRUE,Female,White
76,15000,15,40,25,17,111.37030742492371,TRUE,Female,White
76,77110.89598757136,15,41,26,17,111.37030742492371,TRUE,Female,White
76,86420.26416422002,15,42,27,17,111.37030742492371,TRUE,Female,White
76,63481.871320821214,15,43,28,17,111.37030742492371,TRUE,Female,White
77,15000,15,33,17,15,87.51363214265629,FALSE,Female,Black
77,54652.237911937635,15,34,18,15,87.51363214265629,FALSE,Female,Black
77,56094.33238637101,15,35,19,15,87.51363214265629,FALSE,Female,Black
77,67032.19842416285,15,36,20,15,87.51363214265629,FALSE,Female,Black
77,33581.14261624786,15,37,21,15,87.51363214265629,FALSE,Female,Black
78,40244.01280757458,18,28,21,9,95.62473417465084,TRUE,Male,Black
78,45454.70578210971,18,29,22,9,95.62473417465084,TRUE,Male,Black
78,61762.66507741304,18,30,23,9,95.62473417465084,TRUE,Male,Black
78,49828.90904727429,18,31,24,9,95.62473417465084,TRUE,Male,Black
78,89163.25384681024,18,32,25,9,95.62473417465084,TRUE,Male,Black
79,22927.589556843282,20,51,11,16,97.35442855788027,FALSE,Female,Black
79,52779.33426843667,20,52,12,16,97.35442855788027,FALSE,Female,Black
79,61345.2821358609,20,53,13,16,97.35442855788027,FALSE,Female,Black
79,79049.19837187578,20,54,14,16,97.35442855788027,FALSE,Female,Black
79,79563.31518945107,20,55,15,16,97.35442855788027,FALSE,Female,Black
80,24185.498037963454,19,43,5,19,86.2090906821194,TRUE,Female,White
80,48272.02225544238,19,44,6,19,86.2090906821194,TRUE,Female,White
80,36677.09742094483,19,45,7,19,86.2090906821194,TRUE,Female,White
80,54456.939696984846,19,46,8,19,86.2090906821194,TRUE,Female,White
80,21374.16112686414,19,47,9,19,86.2090906821194,TRUE,Female,White
81,76991.9290657686,21,42,7,19,98.09063390626801,TRUE,Male,Hispanic
81,47906.46955710795,21,43,8,19,98.09063390626801,TRUE,Male,Hispanic
81,24596.0062791171,21,44,9,19,98.09063390626801,TRUE,Male,Hispanic
81,102498.90589207821,21,45,10,19,98.09063390626801,TRUE,Male,Hispanic
81,70914.62773252318,21,46,11,19,98.09063390626801,TRUE,Male,Hispanic
82,76258.65903870724,12,44,30,11,119.80750489122818,TRUE,Female,Other
82,78571.34296178597,12,45,31,11,119.80750489122818,TRUE,Female,Other
82,41190.80921342934,12,46,32,11,119.80750489122818,TRUE,Female,Other
82,85330.91304619022,12,47,33,11,119.80750489122818,TRUE,Female,Other
82,43604.7027786237,12,48,34,11,119.80750489122818,TRUE,Female,Other
83,72376.33655496214,11,37,18,9,86.57060895817105,FALSE,Female,White
83,68076.21686610948,11,38,19,9,86.57060895817105,FALSE,Female,White
83,105077.6430022103,11,39,20,9,86.57060895817105,FALSE,Female,White
83,15000,11,40,21,9,86.57060895817105,FALSE,Female,White
83,22035.828617520376,11,41,22,9,86.57060895817105,FALSE,Female,White
84,68866.84847532026,13,51,19,18,74.94021664552734,FALSE,Female,White
84,17938.178043603304,13,52,20,18,74.94021664552734,FALSE,Female,White
84,27498.688095708625,13,53,21,18,74.94021664552734,FALSE,Female,White
84,20048.53247671883,13,54,22,18,74.94021664552734,FALSE,Female,White
84,22510.71907916594,13,55,23,18,74.94021664552734,FALSE,Female,White
85,49642.74977471656,14,51,26,10,120.38733936055365,TRUE,Male,Hispanic
85,53418.36371838257,14,52,27,10,120.38733936055365,TRUE,Male,Hispanic
85,40997.63310120057,14,53,28,10,120.38733936055365,TRUE,Male,Hispanic
85,44935.63726479962,14,54,29,10,120.38733936055365,TRUE,Male,Hispanic
85,64447.09516319664,14,55,30,10,120.38733936055365,TRUE,Male,Hispanic
86,68006.76945842706,18,38,6,20,96.02390754550461,TRUE,Female,White
86,25644.104857591545,18,39,7,20,96.02390754550461,TRUE,Female,White
86,86131.43195469746,18,40,8,20,96.02390754550461,TRUE,Female,White
86,38836.87737505227,18,41,9,20,96.02390754550461,TRUE,Female,White
86,84144.98801893808,18,42,10,20,96.02390754550461,TRUE,Female,White
87,82404.01687968943,22,26,0,8,89.32166694791688,TRUE,Female,Hispanic
87,35320.77678438609,22,27,1,8,89.32166694791688,TRUE,Female,Hispanic
87,82729.24884838672,22,28,2,8,89.32166694791688,TRUE,Female,Hispanic
87,73353.36865975824,22,29,3,8,89.32166694791688,TRUE,Female,Hispanic
87,58078.95379223067,22,30,4,8,89.32166694791688,TRUE,Female,Hispanic
88,26878.34001170923,10,28,12,19,99.1476093913702,FALSE,Female,White
88,102617.46015796502,10,29,13,19,99.1476093913702,FALSE,Female,White
88,58809.50742433448,10,30,14,19,99.1476093913702,FALSE,Female,White
88,15000,10,31,15,19,99.1476093913702,FALSE,Female,White
88,51936.88581285193,10,32,16,19,99.1476093913702,FALSE,Female,White
89,15000,18,41,16,17,128.1876031894764,TRUE,Male,Other
89,49639.443112539615,18,42,17,17,128.1876031894764,TRUE,Male,Other
89,94503.94221864165,18,43,18,17,128.1876031894764,TRUE,Male,Other
89,84551.13124801365,18,44,19,17,128.1876031894764,TRUE,Male,Other
89,75788.13281135952,18,45,20,17,128.1876031894764,TRUE,Male,Other
90,67628.47326126076,11,35,7,10,78.34740584117465,FALSE,Male,White
90,58226.91173257733,11,36,8,10,78.34740584117465,FALSE,Male,White
90,68718.6979121257,11,37,9,10,78.34740584117465,FALSE,Male,White
90,75611.22954285788,11,38,10,10,78.34740584117465,FALSE,Male,White
90,68379.56874286699,11,39,11,10,78.34740584117465,FALSE,Male,White
91,49886.17309996376,17,51,27,16,98.9855377606343,FALSE,Male,Hispanic
91,82132.01891534503,17,52,28,16,98.9855377606343,FALSE,Male,Hispanic
91,35883.65491544513,17,53,29,16,98.9855377606343,FALSE,Male,Hispanic
91,75374.5596494167,17,54,30,16,98.9855377606343,FALSE,Male,Hispanic
91,85099.09372265878,17,55,31,16,98.9855377606343,FALSE,Male,Hispanic
92,38015.666736910025,15,37,0,14,107.56744240588296,TRUE,Male,White
92,55720.96317994863,15,38,1,14,107.56744240588296,TRUE,Male,White
92,35391.48202545681,15,39,2,14,107.56744240588296,TRUE,Male,White
92,38769.556441097906,15,40,3,14,107.56744240588296,TRUE,Male,White
92,22934.59217282139,15,41,4,14,107.56744240588296,TRUE,Male,White
93,73050.26138931584,11,39,10,20,98.2657612753415,FALSE,Female,Other
93,88890.34971157623,11,40,11,20,98.2657612753415,FALSE,Female,Other
93,34173.8057845004,11,41,12,20,98.2657612753415,FALSE,Female,Other
93,49542.660673717,11,42,13,20,98.2657612753415,FALSE,Female,Other
93,65344.221794536075,11,43,14,20,98.2657612753415,FALSE,Female,Other
94,73842.84130311548,15,40,7,10,110.7144553111471,TRUE,Male,Hispanic
94,15000,15,41,8,10,110.7144553111471,TRUE,Male,Hispanic
94,18222.14456653859,15,42,9,10,110.7144553111471,TRUE,Male,Hispanic
94,83892.66913529916,15,43,10,10,110.7144553111471,TRUE,Male,Hispanic
94,21533.670732391754,15,44,11,10,110.7144553111471,TRUE,Male,Hispanic
95,40556.483018396866,16,39,21,9,92.29631832480639,TRUE,Male,Asian
95,34144.92208256851,16,40,22,9,92.29631832480639,TRUE,Male,Asian
95,23111.361908059,16,41,23,9,92.29631832480639,TRUE,Male,Asian
95,77730.68602346444,16,42,24,9,92.29631832480639,TRUE,Male,Asian
95,44651.91381924504,16,43,25,9,92.29631832480639,TRUE,Male,Asian
96,22544.3548876409,11,39,8,8,109.94658241775781,TRUE,Male,White
96,39059.43165323104,11,40,9,8,109.94658241775781,TRUE,Male,White
96,104339.21521270573,11,41,10,8,109.94658241775781,TRUE,Male,White
96,48790.0723820982,11,42,11,8,109.94658241775781,TRUE,Male,White
96,61951.942394380036,11,43,12,8,109.94658241775781,TRUE,Male,White
97,50063.674011946845,14,55,24,15,82.41144157796444,TRUE,Male,Asian
97,49904.83036272144,14,56,25,15,82.41144157796444,TRUE,Male,Asian
97,57558.916247886875,14,57,26,15,82.41144157796444,TRUE,Male,Asian
97,38367.42595307941,14,58,27,15,82.41144157796444,TRUE,Male,Asian
97,98346.69966424818,14,59,28,15,82.41144157796444,TRUE,Male,Asian
98,81979.07254601286,17,44,25,20,110.70408972507228,FALSE,Male,Hispanic
98,73008.23852472221,17,45,26,20,110.70408972507228,FALSE,Male,Hispanic
98,48761.1898074866,17,46,27,20,110.70408972507228,FALSE,Male,Hispanic
98,76151.44859211252,17,47,28,20,110.70408972507228,FALSE,Male,Hispanic
98,58642.699143373095,17,48,29,20,110.70408972507228,FALSE,Male,Hispanic
99,75202.14173533031,13,42,4,20,103.80501302301688,TRUE,Female,Hispanic
99,48838.13767344603,13,43,5,20,103.80501302301688,TRUE,Female,Hispanic
99,34391.19673111837,13,44,6,20,103.80501302301688,TRUE,Female,Hispanic
99,36809.577712119535,13,45,7,20,103.80501302301688,TRUE,Female,Hispanic
99,53732.34513253748,13,46,8,20,103.80501302301688,TRUE,Female,Hispanic
100,39278.00172083257,13,49,5,13,92.01613703478246,TRUE,Male,White
100,34880.684362491775,13,50,6,13,92.01613703478246,TRUE,Male,White
100,78423.29991568965,13,51,7,13,92.01613703478246,TRUE,Male,White
100,61188.06796595995,13,52,8,13,92.01613703478246,TRUE,Male,White
100,67417.04066112405,13,53,9,13,92.01613703478246,TRUE,Male,White
101,45135.99440859199,22,52,8,10,84.66932759629077,TRUE,Male,Asian
101,52191.248927631146,22,53,9,10,84.66932759629077,TRUE,Male,Asian
101,17526.51313767294,22,54,10,10,84.66932759629077,TRUE,Male,Asian
101,30102.494784941457,22,55,11,10,84.66932759629077,TRUE,Male,Asian
101,72212.08601336497,22,56,12,10,84.66932759629077,TRUE,Male,Asian
102,49652.10689503973,14,48,12,17,101.549384698197,TRUE,Male,Asian
102,47225.41901498075,14,49,13,17,101.549384698197,TRUE,Male,Asian
102,50367.84519398471,14,50,14,17,101.549384698197,TRUE,Male,Asian
102,43214.06418540652,14,51,15,17,101.549384698197,TRUE,Male,Asian
102,27476.13258529371,14,52,16,17,101.549384698197,TRUE,Male,Asian
103,110404.25695421413,19,32,6,16,94.52742199871412,TRUE,Male,Black
103,53386.02524763376,19,33,7,16,94.52742199871412,TRUE,Male,Black
103,24307.313611844278,19,34,8,16,94.52742199871412,TRUE,Male,Black
103,87651.82768493453,19,35,9,16,94.52742199871412,TRUE,Male,Black
103,43600.72432919498,19,36,10,16,94.52742199871412,TRUE,Male,Black
104,27534.975993501423,22,39,30,12,99.34862818166543,TRUE,Male,White
104,31687.193559125157,22,40,31,12,99.34862818166543,TRUE,Male,White
104,63049.9704882961,22,41,32,12,99.34862818166543,TRUE,Male,White
104,42512.79122371986,22,42,33,12,99.34862818166543,TRUE,Male,White
104,77939.50524568556,22,43,34,12,99.34862818166543,TRUE,Male,White
105,74134.48434217286,18,52,20,8,98.55709525539336,TRUE,Female,Hispanic
105,58485.586110723314,18,53,21,8,98.55709525539336,TRUE,Female,Hispanic
105,28427.253081773175,18,54,22,8,98.55709525539336,TRUE,Female,Hispanic
105,83485.27704595543,18,55,23,8,98.55709525539336,TRUE,Female,Hispanic
105,74321.23522986047,18,56,24,8,98.55709525539336,TRUE,Female,Hispanic
106,48359.247064984316,10,31,4,13,100.33415201896446,FALSE,Male,Asian
106,42047.65901444131,10,32,5,13,100.33415201896446,FALSE,Male,Asian
106,42994.23300397408,10,33,6,13,100.33415201896446,FALSE,Male,Asian
106,134342.67837468442,10,34,7,13,100.33415201896446,FALSE,Male,Asian
106,22865.816088657353,10,35,8,13,100.33415201896446,FALSE,Male,Asian
107,29895.394424121198,18,47,13,13,100.55868857394906,TRUE,Male,Asian
107,24743.548405938192,18,48,14,13,100.55868857394906,TRUE,Male,Asian
107,35668.264265118574,18,49,15,13,100.55868857394906,TRUE,Male,Asian
107,71649.48441329136,18,50,16,13,100.55868857394906,TRUE,Male,Asian
107,76402.2634460695,18,51,17,13,100.55868857394906,TRUE,Male,Asian
108,69148.2545788766,14,38,5,20,115.90486580658376,TRUE,Male,Hispanic
108,27125.096857929,14,39,6,20,115.90486580658376,TRUE,Male,Hispanic
108,66864.99170268522,14,40,7,20,115.90486580658376,TRUE,Male,Hispanic
108,68140.52296462862,14,41,8,20,115.90486580658376,TRUE,Male,Hispanic
108,15000,14,42,9,20,115.90486580658376,TRUE,Male,Hispanic
109,37276.17964910423,14,48,9,16,110.55760510482216,FALSE,Male,Hispanic
109,15000,14,49,10,16,110.55760510482216,FALSE,Male,Hispanic
109,58376.499747431524,14,50,11,16,110.55760510482216,FALSE,Male,Hispanic
109,41619.99733368832,14,51,12,16,110.55760510482216,FALSE,Male,Hispanic
109,63897.35584444614,14,52,13,16,110.55760510482216,FALSE,Male,Hispanic
110,81531.45737376198,14,29,21,14,104.96592872381339,TRUE,Male,White
110,74675.50012236298,14,30,22,14,104.96592872381339,TRUE,Male,White
110,87769.26949193141,14,31,23,14,104.96592872381339,TRUE,Male,White
110,71796.14452149103,14,32,24,14,104.96592872381339,TRUE,Male,White
110,124983.93790268963,14,33,25,14,104.96592872381339,TRUE,Male,White
111,52657.38821078638,22,29,0,17,105.77952845444118,TRUE,Female,Hispanic
111,44806.597731855705,22,30,1,17,105.77952845444118,TRUE,Female,Hispanic
111,37325.211932880084,22,31,2,17,105.77952845444118,TRUE,Female,Hispanic
111,74726.84364180635,22,32,3,17,105.77952845444118,TRUE,Female,Hispanic
111,33549.06483277253,22,33,4,17,105.77952845444118,TRUE,Female,Hispanic
112,37956.7614193644,11,53,2,11,84.14777992702916,FALSE,Male,Other
112,40929.12731650883,11,54,3,11,84.14777992702916,FALSE,Male,Other
112,20573.132134770207,11,55,4,11,84.14777992702916,FALSE,Male,Other
112,78378.13163435372,11,56,5,11,84.14777992702916,FALSE,Male,Other
112,82501.81051266301,11,57,6,11,84.14777992702916,FALSE,Male,Other
113,87939.57840003372,17,29,4,12,109.41705769900547,TRUE,Male,White
113,93510.85780331938,17,30,5,12,109.41705769900547,TRUE,Male,White
113,83602.99890067501,17,31,6,12,109.41705769900547,TRUE,Male,White
113,38580.398697643584,17,32,7,12,109.41705769900547,TRUE,Male,White
113,39340.98739171698,17,33,8,12,109.41705769900547,TRUE,Male,White
114,15000,11,25,9,19,123.30776402725299,FALSE,Female,Asian
114,61210.39313263323,11,26,10,19,123.30776402725299,FALSE,Female,Asian
114,36346.42224106969,11,27,11,19,123.30776402725299,FALSE,Female,Asian
114,46819.50065577669,11,28,12,19,123.30776402725299,FALSE,Female,Asian
114,98235.54090710019,11,29,13,19,123.30776402725299,FALSE,Female,Asian
115,64996.85443378817,13,50,5,17,112.26771162489358,FALSE,Female,White
115,55233.60819307205,13,51,6,17,112.26771162489358,FALSE,Female,White
115,68589.5612602633,13,52,7,17,112.26771162489358,FALSE,Female,White
115,79440.42398213981,13,53,8,17,112.26771162489358,FALSE,Female,White
115,58294.606326934976,13,54,9,17,112.26771162489358,FALSE,Female,White
116,56145.31980883189,16,31,21,16,126.65416413778497,FALSE,Female,Asian
116,18707.416641751097,16,32,22,16,126.65416413778497,FALSE,Female,Asian
116,109588.73563579288,16,33,23,16,126.65416413778497,FALSE,Female,Asian
116,79697.39385246568,16,34,24,16,126.65416413778497,FALSE,Female,Asian
116,46146.34856188214,16,35,25,16,126.65416413778497,FALSE,Female,Asian
117,83083.07536408614,12,50,11,20,95.62538254922354,TRUE,Female,Black
117,96276.36798642621,12,51,12,20,95.62538254922354,TRUE,Female,Black
117,91110.00918197478,12,52,13,20,95.62538254922354,TRUE,Female,Black
117,31806.424246057224,12,53,14,20,95.62538254922354,TRUE,Female,Black
117,73262.33671504793,12,54,15,20,95.62538254922354,TRUE,Female,Black
118,69134.13654048681,21,31,6,20,97.23782922483811,TRUE,Male,Asian
118,76733.6015790479,21,32,7,20,97.23782922483811,TRUE,Male,Asian
118,53639.10875498568,21,33,8,20,97.23782922483811,TRUE,Male,Asian
118,36255.61047040879,21,34,9,20,97.23782922483811,TRUE,Male,Asian
118,54804.170729412814,21,35,10,20,97.23782922483811,TRUE,Male,Asian
119,27295.790222690383,12,49,5,13,106.67295176744348,TRUE,Female,White
119,130361.20478981624,12,50,6,13,106.67295176744348,TRUE,Female,White
119,64331.06266087758,12,51,7,13,106.67295176744348,TRUE,Female,White
119,70441.43851619127,12,52,8,13,106.67295176744348,TRUE,Female,White
119,34973.55839639019,12,53,9,13,106.67295176744348,TRUE,Female,White
120,61839.89842868884,14,28,25,16,66.14955499426911,TRUE,Male,Other
120,72007.2103985827,14,29,26,16,66.14955499426911,TRUE,Male,Other
120,25980.714782235853,14,30,27,16,66.14955499426911,TRUE,Male,Other
120,41835.19349134073,14,31,28,16,66.14955499426911,TRUE,Male,Other
120,35946.87247499493,14,32,29,16,66.14955499426911,TRUE,Male,Other
121,86269.57358954496,14,55,4,11,113.19540419928269,TRUE,Male,Asian
121,39397.75329670799,14,56,5,11,113.19540419928269,TRUE,Male,Asian
121,55527.854304844215,14,57,6,11,113.19540419928269,TRUE,Male,Asian
121,66170.4012080059,14,58,7,11,113.19540419928269,TRUE,Male,Asian
121,60955.87722439686,14,59,8,11,113.19540419928269,TRUE,Male,Asian
122,15000,10,27,1,16,88.86503263489901,TRUE,Female,Hispanic
122,113445.43803946515,10,28,2,16,88.86503263489901,TRUE,Female,Hispanic
122,15000,10,29,3,16,88.86503263489901,TRUE,Female,Hispanic
122,59825.94928706486,10,30,4,16,88.86503263489901,TRUE,Female,Hispanic
122,68030.6943393886,10,31,5,16,88.86503263489901,TRUE,Female,Hispanic
123,21542.493053218765,11,50,7,17,105.24316259713534,FALSE,Male,Hispanic
123,89625.95696340334,11,51,8,17,105.24316259713534,FALSE,Male,Hispanic
123,46437.73015753724,11,52,9,17,105.24316259713534,FALSE,Male,Hispanic
123,15000,11,53,10,17,105.24316259713534,FALSE,Male,Hispanic
123,106502.8995751219,11,54,11,17,105.24316259713534,FALSE,Male,Hispanic
124,42490.04390675747,19,51,17,8,114.22854121007774,FALSE,Male,White
124,80354.3365812892,19,52,18,8,114.22854121007774,FALSE,Male,White
124,64140.958696869595,19,53,19,8,114.22854121007774,FALSE,Male,White
124,57534.87055725773,19,54,20,8,114.22854121007774,FALSE,Male,White
124,42902.476109655196,19,55,21,8,114.22854121007774,FALSE,Male,White
125,98967.78322933872,19,27,2,14,90.36382175829688,TRUE,Female,Other
125,79901.92953265832,19,28,3,14,90.36382175829688,TRUE,Female,Other
125,52923.35999915384,19,29,4,14,90.36382175829688,TRUE,Female,Other
125,52805.28401115359,19,30,5,14,90.36382175829688,TRUE,Female,Other
125,53084.1498194749,19,31,6,14,90.36382175829688,TRUE,Female,Other
126,48808.41209164201,20,53,30,20,113.61225211885383,FALSE,Male,White
126,34550.05997554456,20,54,31,20,113.61225211885383,FALSE,Male,White
126,83115.8133730259,20,55,32,20,113.61225211885383,FALSE,Male,White
126,62643.744426669815,20,56,33,20,113.61225211885383,FALSE,Male,White
126,89448.6251719871,20,57,34,20,113.61225211885383,FALSE,Male,White
127,100178.44799104003,19,27,3,15,104.64364511241311,FALSE,Male,Hispanic
127,86499.59344758821,19,28,4,15,104.64364511241311,FALSE,Male,Hispanic
127,59939.549854903045,19,29,5,15,104.64364511241311,FALSE,Male,Hispanic
127,18737.592458612253,19,30,6,15,104.64364511241311,FALSE,Male,Hispanic
127,15000,19,31,7,15,104.64364511241311,FALSE,Male,Hispanic
128,92800.51888824381,10,53,7,20,119.89724565052272,FALSE,Female,Black
128,53641.0421198057,10,54,8,20,119.89724565052272,FALSE,Female,Black
128,43711.47589167179,10,55,9,20,119.89724565052272,FALSE,Female,Black
128,55751.842241283404,10,56,10,20,119.89724565052272,FALSE,Female,Black
128,78206.99920945698,10,57,11,20,119.89724565052272,FALSE,Female,Black
129,73563.76929258602,21,51,12,9,109.49198199310284,TRUE,Female,White
129,82256.51934618653,21,52,13,9,109.49198199310284,TRUE,Female,White
129,67966.6667916105,21,53,14,9,109.49198199310284,TRUE,Female,White
129,52015.81898336116,21,54,15,9,109.49198199310284,TRUE,Female,White
129,57412.491234928755,21,55,16,9,109.49198199310284,TRUE,Female,White
130,38616.9875090601,19,31,4,20,100.86270568463958,TRUE,Male,Other
130,39180.13188298949,19,32,5,20,100.86270568463958,TRUE,Male,Other
130,42606.67510152206,19,33,6,20,100.86270568463958,TRUE,Male,Other
130,44128.03072657908,19,34,7,20,100.86270568463958,TRUE,Male,Other
130,70463.05713620408,19,35,8,20,100.86270568463958,TRUE,Male,Other
131,58540.174609194815,11,34,20,18,93.92727173070344,FALSE,Female,Hispanic
131,109821.83890190399,11,35,21,18,93.92727173070344,FALSE,Female,Hispanic
131,68538.64354495458,11,36,22,18,93.92727173070344,FALSE,Female,Hispanic
131,53505.06132940815,11,37,23,18,93.92727173070344,FALSE,Female,Hispanic
131,27083.21730776389,11,38,24,18,93.92727173070344,FALSE,Female,Hispanic
132,68160.24113812021,19,25,12,17,81.46524388557481,TRUE,Female,Asian
132,59511.54993102689,19,26,13,17,81.46524388557481,TRUE,Female,Asian
132,50910.76588314565,19,27,14,17,81.46524388557481,TRUE,Female,Asian
132,43966.288880937,19,28,15,17,81.46524388557481,TRUE,Female,Asian
132,26961.202081699095,19,29,16,17,81.46524388557481,TRUE,Female,Asian
133,33015.974259335046,19,42,22,8,81.95701128773021,TRUE,Male,Other
133,60829.74607371724,19,43,23,8,81.95701128773021,TRUE,Male,Other
133,37291.192548933715,19,44,24,8,81.95701128773021,TRUE,Male,Other
133,36112.87068566121,19,45,25,8,81.95701128773021,TRUE,Male,Other
133,61311.17529946503,19,46,26,8,81.95701128773021,TRUE,Male,Other
134,39512.1649982736,17,45,30,20,63.74249502100129,FALSE,Male,Asian
134,24000.081717299556,17,46,31,20,63.74249502100129,FALSE,Male,Asian
134,39531.607025364465,17,47,32,20,63.74249502100129,FALSE,Male,Asian
134,66695.96176860764,17,48,33,20,63.74249502100129,FALSE,Male,Asian
134,45829.44660114817,17,49,34,20,63.74249502100129,FALSE,Male,Asian
135,69230.41192445939,14,44,5,18,104.80077379656096,FALSE,Male,Black
135,38092.34975956384,14,45,6,18,104.80077379656096,FALSE,Male,Black
135,78856.73237590636,14,46,7,18,104.80077379656096,FALSE,Male,Black
135,48824.05665546918,14,47,8,18,104.80077379656096,FALSE,Male,Black
135,47074.66081905311,14,48,9,18,104.80077379656096,FALSE,Male,Black
136,84856.41459652857,16,29,26,16,88.37250859267166,FALSE,Female,Black
136,70375.61994654207,16,30,27,16,88.37250859267166,FALSE,Female,Black
136,112803.56365130362,16,31,28,16,88.37250859267166,FALSE,Female,Black
136,39840.00769943562,16,32,29,16,88.37250859267166,FALSE,Female,Black
136,95302.79436993694,16,33,30,16,88.37250859267166,FALSE,Female,Black
137,50122.92894922244,22,35,1,8,93.15496072544458,TRUE,Male,Black
137,43730.18488083847,22,36,2,8,93.15496072544458,TRUE,Male,Black
137,61671.426557330706,22,37,3,8,93.15496072544458,TRUE,Male,Black
137,34198.28493516508,22,38,4,8,93.15496072544458,TRUE,Male,Black
137,40911.44158738618,22,39,5,8,93.15496072544458,TRUE,Male,Black
138,39164.417647502414,20,53,18,8,113.41077164375265,TRUE,Male,Other
138,30943.093387805657,20,54,19,8,113.41077164375265,TRUE,Male,Other
138,53520.29024535416,20,55,20,8,113.41077164375265,TRUE,Male,Other
138,108697.49898359088,20,56,21,8,113.41077164375265,TRUE,Male,Other
138,36442.861109456164,20,57,22,8,113.41077164375265,TRUE,Male,Other
139,60536.789876171846,17,33,5,8,92.68947686433243,TRUE,Male,Asian
139,72749.53151806968,17,34,6,8,92.68947686433243,TRUE,Male,Asian
139,67048.17070393481,17,35,7,8,92.68947686433243,TRUE,Male,Asian
139,105342.67156580901,17,36,8,8,92.68947686433243,TRUE,Male,Asian
139,40348.59300525475,17,37,9,8,92.68947686433243,TRUE,Male,Asian
140,45041.9197198513,14,31,10,9,93.71240180507266,TRUE,Male,Black
140,41694.295022641265,14,32,11,9,93.71240180507266,TRUE,Male,Black
140,23710.91975882983,14,33,12,9,93.71240180507266,TRUE,Male,Black
140,55660.68286826352,14,34,13,9,93.71240180507266,TRUE,Male,Black
140,46244.726570503655,14,35,14,9,93.71240180507266,TRUE,Male,Black
141,48198.70392510607,19,39,24,14,109.19318944163723,TRUE,Male,Asian
141,66894.06437552255,19,40,25,14,109.19318944163723,TRUE,Male,Asian
141,35301.267363798426,19,41,26,14,109.19318944163723,TRUE,Male,Asian
141,65499.308311245586,19,42,27,14,109.19318944163723,TRUE,Male,Asian
141,57850.24047378441,19,43,28,14,109.19318944163723,TRUE,Male,Asian
142,63933.816090460474,20,45,12,11,106.63731583886616,TRUE,Female,Hispanic
142,67975.30139809375,20,46,13,11,106.63731583886616,TRUE,Female,Hispanic
142,55549.51109011044,20,47,14,11,106.63731583886616,TRUE,Female,Hispanic
142,54477.43578358978,20,48,15,11,106.63731583886616,TRUE,Female,Hispanic
142,79645.02027630722,20,49,16,11,106.63731583886616,TRUE,Female,Hispanic
143,43815.68209338517,18,41,30,12,71.26519701894078,FALSE,Male,White
143,24825.555473182216,18,42,31,12,71.26519701894078,FALSE,Male,White
143,16419.914435764862,18,43,32,12,71.26519701894078,FALSE,Male,White
143,38990.67378065471,18,44,33,12,71.26519701894078,FALSE,Male,White
143,56333.18700024296,18,45,34,12,71.26519701894078,FALSE,Male,White
144,71919.05777346283,17,45,21,8,107.13205184389147,TRUE,Male,Other
144,48093.85403804446,17,46,22,8,107.13205184389147,TRUE,Male,Other
144,64731.073195117366,17,47,23,8,107.13205184389147,TRUE,Male,Other
144,77724.1260029772,17,48,24,8,107.13205184389147,TRUE,Male,Other
144,65104.17574613781,17,49,25,8,107.13205184389147,TRUE,Male,Other
145,65318.603085357936,17,32,11,11,105.23300693548146,TRUE,Female,Asian
145,64036.428630653674,17,33,12,11,105.23300693548146,TRUE,Female,Asian
145,43286.34838591283,17,34,13,11,105.23300693548146,TRUE,Female,Asian
145,51041.46608016458,17,35,14,11,105.23300693548146,TRUE,Female,Asian
145,32623.01043163305,17,36,15,11,105.23300693548146,TRUE,Female,Asian
146,22883.386896059685,21,40,27,17,112.62026121755723,FALSE,Female,Other
146,84541.49613506715,21,41,28,17,112.62026121755723,FALSE,Female,Other
146,42997.56172660523,21,42,29,17,112.62026121755723,FALSE,Female,Other
146,34059.57863556024,21,43,30,17,112.62026121755723,FALSE,Female,Other
146,45134.19219559083,21,44,31,17,112.62026121755723,FALSE,Female,Other
147,71295.2224928853,10,28,13,14,111.96797752860412,TRUE,Female,Hispanic
147,91222.72542148996,10,29,14,14,111.96797752860412,TRUE,Female,Hispanic
147,63481.01503862869,10,30,15,14,111.96797752860412,TRUE,Female,Hispanic
147,104443.80212880667,10,31,16,14,111.96797752860412,TRUE,Female,Hispanic
147,33825.38058073965,10,32,17,14,111.96797752860412,TRUE,Female,Hispanic
148,100723.3004173887,20,48,18,15,94.45596783297044,TRUE,Male,White
148,32262.44409328467,20,49,19,15,94.45596783297044,TRUE,Male,White
148,69826.58016374992,20,50,20,15,94.45596783297044,TRUE,Male,White
148,60114.48430825441,20,51,21,15,94.45596783297044,TRUE,Male,White
148,46750.07687123109,20,52,22,15,94.45596783297044,TRUE,Male,White
149,49359.865017785814,12,34,25,9,94.58857914814689,FALSE,Male,Black
149,74063.88733701617,12,35,26,9,94.58857914814689,FALSE,Male,Black
149,49790.51451391517,12,36,27,9,94.58857914814689,FALSE,Male,Black
149,71574.20162114149,12,37,28,9,94.58857914814689,FALSE,Male,Black
149,39027.04271224049,12,38,29,9,94.58857914814689,FALSE,Male,Black
150,42633.32562302883,16,25,16,14,103.38915659249618,FALSE,Male,White
150,107512.86390635795,16,26,17,14,103.38915659249618,FALSE,Male,White
150,106443.90291790602,16,27,18,14,103.38915659249618,FALSE,Male,White
150,94597.3327335251,16,28,19,14,103.38915659249618,FALSE,Male,White
150,109994.56114365945,16,29,20,14,103.38915659249618,FALSE,Male,White
151,60910.962906018096,17,47,29,8,96.62755382310422,TRUE,Male,Black
151,91649.93623826963,17,48,30,8,96.62755382310422,TRUE,Male,Black
151,44026.17630454678,17,49,31,8,96.62755382310422,TRUE,Male,Black
151,82765.82670879616,17,50,32,8,96.62755382310422,TRUE,Male,Black
151,15000,17,51,33,8,96.62755382310422,TRUE,Male,Black
152,48160.10281643811,11,50,16,12,95.88108711824796,TRUE,Male,White
152,49490.51403512763,11,51,17,12,95.88108711824796,TRUE,Male,White
152,95607.90904638114,11,52,18,12,95.88108711824796,TRUE,Male,White
152,61077.395067023615,11,53,19,12,95.88108711824796,TRUE,Male,White
152,93762.6725959593,11,54,20,12,95.88108711824796,TRUE,Male,White
153,71769.35522686558,16,47,16,8,115.10555328294973,TRUE,Female,Black
153,54086.824640677536,16,48,17,8,115.10555328294973,TRUE,Female,Black
153,21570.352127961323,16,49,18,8,115.10555328294973,TRUE,Female,Black
153,30896.83713788725,16,50,19,8,115.10555328294973,TRUE,Female,Black
153,38487.82766240209,16,51,20,8,115.10555328294973,TRUE,Female,Black
154,78497.44871688641,12,42,12,19,77.70609634375555,TRUE,Female,White
154,49167.084268444334,12,43,13,19,77.70609634375555,TRUE,Female,White
154,80034.65742209804,12,44,14,19,77.70609634375555,TRUE,Female,White
154,54343.75775816578,12,45,15,19,77.70609634375555,TRUE,Female,White
154,63821.079585918844,12,46,16,19,77.70609634375555,TRUE,Female,White
155,32608.241938193773,13,49,22,8,103.01768229805703,TRUE,Male,Other
155,49594.43466973154,13,50,23,8,103.01768229805703,TRUE,Male,Other
155,51896.64021903969,13,51,24,8,103.01768229805703,TRUE,Male,Other
155,37630.81697505466,13,52,25,8,103.01768229805703,TRUE,Male,Other
155,64188.03734376796,13,53,26,8,103.01768229805703,TRUE,Male,Other
156,87168.51686607707,22,42,23,19,78.15654413669124,FALSE,Male,White
156,88056.71641336911,22,43,24,19,78.15654413669124,FALSE,Male,White
156,72801.26902403819,22,44,25,19,78.15654413669124,FALSE,Male,White
156,72756.31777746916,22,45,26,19,78.15654413669124,FALSE,Male,White
156,16355.114761632434,22,46,27,19,78.15654413669124,FALSE,Male,White
157,15000,22,52,19,12,112.82750935050063,TRUE,Female,Other
157,63306.424275185185,22,53,20,12,112.82750935050063,TRUE,Female,Other
157,68874.50016816633,22,54,21,12,112.82750935050063,TRUE,Female,Other
157,61087.93788151854,22,55,22,12,112.82750935050063,TRUE,Female,Other
157,84093.77988582246,22,56,23,12,112.82750935050063,TRUE,Female,Other
158,69233.33187221251,22,50,8,8,102.8688287389333,FALSE,Male,Other
158,52724.915784600846,22,51,9,8,102.8688287389333,FALSE,Male,Other
158,66774.43957007331,22,52,10,8,102.8688287389333,FALSE,Male,Other
158,35051.477878870246,22,53,11,8,102.8688287389333,FALSE,Male,Other
158,55897.03042390126,22,54,12,8,102.8688287389333,FALSE,Male,Other
159,24434.52867918736,13,31,3,19,119.66037322592267,FALSE,Female,White
159,78069.34941608581,13,32,4,19,119.66037322592267,FALSE,Female,White
159,46857.23062847223,13,33,5,19,119.66037322592267,FALSE,Female,White
159,28503.790397126075,13,34,6,19,119.66037322592267,FALSE,Female,White
159,52834.05870500132,13,35,7,19,119.66037322592267,FALSE,Female,White
160,64050.48629249137,20,52,10,14,111.30298748343019,FALSE,Male,Asian
160,29349.36242536641,20,53,11,14,111.30298748343019,FALSE,Male,Asian
160,71579.07174010295,20,54,12,14,111.30298748343019,FALSE,Male,Asian
160,39505.158602378004,20,55,13,14,111.30298748343019,FALSE,Male,Asian
160,20185.036018118863,20,56,14,14,111.30298748343019,FALSE,Male,Asian
161,73795.72453190509,15,41,22,16,115.71220976231719,TRUE,Female,Hispanic
161,73764.57680010401,15,42,23,16,115.71220976231719,TRUE,Female,Hispanic
161,60300.77245145643,15,43,24,16,115.71220976231719,TRUE,Female,Hispanic
161,64882.09213417242,15,44,25,16,115.71220976231719,TRUE,Female,Hispanic
161,15000,15,45,26,16,115.71220976231719,TRUE,Female,Hispanic
162,90911.8234246234,22,45,11,17,124.82381199984374,TRUE,Male,Asian
162,76272.2537125953,22,46,12,17,124.82381199984374,TRUE,Male,Asian
162,118158.1105259861,22,47,13,17,124.82381199984374,TRUE,Male,Asian
162,57763.954533772216,22,48,14,17,124.82381199984374,TRUE,Male,Asian
162,81324.07001849671,22,49,15,17,124.82381199984374,TRUE,Male,Asian
163,36744.04066067205,13,26,16,14,148.49381096452672,TRUE,Female,Black
163,50572.81917580017,13,27,17,14,148.49381096452672,TRUE,Female,Black
163,82804.19071786407,13,28,18,14,148.49381096452672,TRUE,Female,Black
163,62238.14425127908,13,29,19,14,148.49381096452672,TRUE,Female,Black
163,80656.54772051812,13,30,20,14,148.49381096452672,TRUE,Female,Black
164,79050.86725829005,14,30,22,16,95.71791584011966,TRUE,Male,Asian
164,25040.710210908084,14,31,23,16,95.71791584011966,TRUE,Male,Asian
164,56741.03772905654,14,32,24,16,95.71791584011966,TRUE,Male,Asian
164,33431.15610927529,14,33,25,16,95.71791584011966,TRUE,Male,Asian
164,64425.24731306936,14,34,26,16,95.71791584011966,TRUE,Male,Asian
165,60019.97155928962,15,28,11,19,96.82518404536424,FALSE,Male,White
165,20294.632704430624,15,29,12,19,96.82518404536424,FALSE,Male,White
165,52432.61163932906,15,30,13,19,96.82518404536424,FALSE,Male,White
165,33216.78982939119,15,31,14,19,96.82518404536424,FALSE,Male,White
165,32987.48302874637,15,32,15,19,96.82518404536424,FALSE,Male,White
166,48194.76193715236,20,41,3,8,108.87784084845197,TRUE,Male,Hispanic
166,60076.929081699,20,42,4,8,108.87784084845197,TRUE,Male,Hispanic
166,75671.71517131291,20,43,5,8,108.87784084845197,TRUE,Male,Hispanic
166,45801.382200092994,20,44,6,8,108.87784084845197,TRUE,Male,Hispanic
166,73954.9957691063,20,45,7,8,108.87784084845197,TRUE,Male,Hispanic
167,61149.90462944743,17,54,21,14,118.21923672453556,FALSE,Female,Black
167,56350.829321423924,17,55,22,14,118.21923672453556,FALSE,Female,Black
167,35865.590666259945,17,56,23,14,118.21923672453556,FALSE,Female,Black
167,15000,17,57,24,14,118.21923672453556,FALSE,Female,Black
167,62463.25008547132,17,58,25,14,118.21923672453556,FALSE,Female,Black
168,33818.746349944566,10,42,2,19,98.12905337673836,TRUE,Female,White
168,120572.6589217205,10,43,3,19,98.12905337673836,TRUE,Female,White
168,87870.20637048727,10,44,4,19,98.12905337673836,TRUE,Female,White
168,85565.79981491425,10,45,5,19,98.12905337673836,TRUE,Female,White
168,54944.7706531542,10,46,6,19,98.12905337673836,TRUE,Female,White
169,91966.40774161824,17,50,3,17,100.82327202246987,TRUE,Male,White
169,40724.6566196438,17,51,4,17,100.82327202246987,TRUE,Male,White
169,23095.492028571607,17,52,5,17,100.82327202246987,TRUE,Male,White
169,103988.99170058593,17,53,6,17,100.82327202246987,TRUE,Male,White
169,77205.21663098254,17,54,7,17,100.82327202246987,TRUE,Male,White
170,16083.606686120018,16,38,19,12,96.70900426709115,TRUE,Female,Asian
170,72231.64600217987,16,39,20,12,96.70900426709115,TRUE,Female,Asian
170,94531.23687279507,16,40,21,12,96.70900426709115,TRUE,Female,Asian
170,69536.90372769187,16,41,22,12,96.70900426709115,TRUE,Female,Asian
170,57391.852538922234,16,42,23,12,96.70900426709115,TRUE,Female,Asian
171,98090.14952077523,22,38,5,12,88.11022812584667,TRUE,Female,Other
171,68722.53103867381,22,39,6,12,88.11022812584667,TRUE,Female,Other
171,90555.1229166786,22,40,7,12,88.11022812584667,TRUE,Female,Other
171,15000,22,41,8,12,88.11022812584667,TRUE,Female,Other
171,60412.90306789303,22,42,9,12,88.11022812584667,TRUE,Female,Other
172,38766.39635690795,12,51,28,18,134.11100498020087,FALSE,Female,White
172,64477.63893678102,12,52,29,18,134.11100498020087,FALSE,Female,White
172,39883.64007139075,12,53,30,18,134.11100498020087,FALSE,Female,White
172,80378.39647903948,12,54,31,18,134.11100498020087,FALSE,Female,White
172,88267.94705357257,12,55,32,18,134.11100498020087,FALSE,Female,White
173,45988.84646427342,10,46,1,20,120.96963804267462,FALSE,Male,White
173,62528.73709405841,10,47,2,20,120.96963804267462,FALSE,Male,White
173,46059.4669923289,10,48,3,20,120.96963804267462,FALSE,Male,White
173,26872.147780580115,10,49,4,20,120.96963804267462,FALSE,Male,White
173,65710.4562491365,10,50,5,20,120.96963804267462,FALSE,Male,White
174,30417.55919630814,16,27,6,17,106.25118806794332,TRUE,Female,Hispanic
174,73991.89021706581,16,28,7,17,106.25118806794332,TRUE,Female,Hispanic
174,43295.25088796187,16,29,8,17,106.25118806794332,TRUE,Female,Hispanic
174,45838.11507033173,16,30,9,17,106.25118806794332,TRUE,Female,Hispanic
174,66063.85943066186,16,31,10,17,106.25118806794332,TRUE,Female,Hispanic
175,86810.28182095083,11,51,17,17,118.03455852880467,FALSE,Male,Hispanic
175,41786.355468067675,11,52,18,17,118.03455852880467,FALSE,Male,Hispanic
175,116847.89855631546,11,53,19,17,118.03455852880467,FALSE,Male,Hispanic
175,61522.340524000545,11,54,20,17,118.03455852880467,FALSE,Male,Hispanic
175,43541.05255255092,11,55,21,17,118.03455852880467,FALSE,Male,Hispanic
176,15000,21,36,11,12,96.16732128613623,FALSE,Male,Black
176,72221.87811323104,21,37,12,12,96.16732128613623,FALSE,Male,Black
176,32760.79358996362,21,38,13,12,96.16732128613623,FALSE,Male,Black
176,15000,21,39,14,12,96.16732128613623,FALSE,Male,Black
176,60957.4460338418,21,40,15,12,96.16732128613623,FALSE,Male,Black
177,93097.06996832501,16,45,5,15,87.12725166612512,TRUE,Male,Black
177,59409.15007217758,16,46,6,15,87.12725166612512,TRUE,Male,Black
177,29241.642199298145,16,47,7,15,87.12725166612512,TRUE,Male,Black
177,47736.042363618035,16,48,8,15,87.12725166612512,TRUE,Male,Black
177,49074.66992298926,16,49,9,15,87.12725166612512,TRUE,Male,Black
178,95425.74710476285,16,45,10,10,72.63192623232145,TRUE,Female,White
178,104230.95292755273,16,46,11,10,72.63192623232145,TRUE,Female,White
178,78132.12235175865,16,47,12,10,72.63192623232145,TRUE,Female,White
178,37103.855341492694,16,48,13,10,72.63192623232145,TRUE,Female,White
178,40944.783291488886,16,49,14,10,72.63192623232145,TRUE,Female,White
179,54079.023225315446,22,40,14,11,62.31978959935993,FALSE,Female,Black
179,80883.07789679685,22,41,15,11,62.31978959935993,FALSE,Female,Black
179,39421.97099368767,22,42,16,11,62.31978959935993,FALSE,Female,Black
179,42665.41232861627,22,43,17,11,62.31978959935993,FALSE,Female,Black
179,15000,22,44,18,11,62.31978959935993,FALSE,Female,Black
180,15000,19,36,8,11,98.90424675522944,FALSE,Male,Asian
180,41609.62062045087,19,37,9,11,98.90424675522944,FALSE,Male,Asian
180,15000,19,38,10,11,98.90424675522944,FALSE,Male,Asian
180,55530.631128944166,19,39,11,11,98.90424675522944,FALSE,Male,Asian
180,57996.14818230939,19,40,12,11,98.90424675522944,FALSE,Male,Asian
181,89192.2594734728,16,39,13,15,100.35191427232081,FALSE,Female,Other
181,69734.12598262618,16,40,14,15,100.35191427232081,FALSE,Female,Other
181,15000,16,41,15,15,100.35191427232081,FALSE,Female,Other
181,61172.8376918178,16,42,16,15,100.35191427232081,FALSE,Female,Other
181,15534.78083157816,16,43,17,15,100.35191427232081,FALSE,Female,Other
182,61950.75016449356,14,33,28,17,91.38265446747826,FALSE,Male,Other
182,98843.55975216647,14,34,29,17,91.38265446747826,FALSE,Male,Other
182,39509.26676347151,14,35,30,17,91.38265446747826,FALSE,Male,Other
182,48668.69734539695,14,36,31,17,91.38265446747826,FALSE,Male,Other
182,64586.10600280455,14,37,32,17,91.38265446747826,FALSE,Male,Other
183,15000,19,36,10,9,96.95516580111857,TRUE,Male,White
183,65545.8217199957,19,37,11,9,96.95516580111857,TRUE,Male,White
183,40800.694749555536,19,38,12,9,96.95516580111857,TRUE,Male,White
183,70673.98865019836,19,39,13,9,96.95516580111857,TRUE,Male,White
183,36341.66235335029,19,40,14,9,96.95516580111857,TRUE,Male,White
184,42386.09569447451,19,26,9,8,75.41191238587419,TRUE,Female,Black
184,30532.878652688607,19,27,10,8,75.41191238587419,TRUE,Female,Black
184,60083.94575245129,19,28,11,8,75.41191238587419,TRUE,Female,Black
184,65747.3375042518,19,29,12,8,75.41191238587419,TRUE,Female,Black
184,15000,19,30,13,8,75.41191238587419,TRUE,Female,Black
185,58202.967193827906,12,27,2,9,68.75147865165982,TRUE,Female,Hispanic
185,63259.70742112817,12,28,3,9,68.75147865165982,TRUE,Female,Hispanic
185,72204.42193627321,12,29,4,9,68.75147865165982,TRUE,Female,Hispanic
185,34958.729760030634,12,30,5,9,68.75147865165982,TRUE,Female,Hispanic
185,65275.66266086447,12,31,6,9,68.75147865165982,TRUE,Female,Hispanic
186,39497.595545014825,10,37,20,14,111.91465948262623,TRUE,Male,Asian
186,35206.59793224983,10,38,21,14,111.91465948262623,TRUE,Male,Asian
186,57732.94919015271,10,39,22,14,111.91465948262623,TRUE,Male,Asian
186,72703.4847437674,10,40,23,14,111.91465948262623,TRUE,Male,Asian
186,54924.97458386442,10,41,24,14,111.91465948262623,TRUE,Male,Asian
187,32626.34258624667,15,33,3,15,100.0654214428688,TRUE,Female,White
187,60433.98930650655,15,34,4,15,100.0654214428688,TRUE,Female,White
187,62268.268397137246,15,35,5,15,100.0654214428688,TRUE,Female,White
187,46998.36877572749,15,36,6,15,100.0654214428688,TRUE,Female,White
187,31359.653827771406,15,37,7,15,100.0654214428688,TRUE,Female,White
188,30721.192839923573,15,40,7,15,117.00647062443625,TRUE,Male,Black
188,48439.130557294106,15,41,8,15,117.00647062443625,TRUE,Male,Black
188,46546.569427380105,15,42,9,15,117.00647062443625,TRUE,Male,Black
188,107512.44690671845,15,43,10,15,117.00647062443625,TRUE,Male,Black
188,48941.08223703814,15,44,11,15,117.00647062443625,TRUE,Male,Black
189,59219.5845539164,10,49,8,8,116.83254204027746,FALSE,Female,Other
189,70821.71936004866,10,50,9,8,116.83254204027746,FALSE,Female,Other
189,92001.97389656187,10,51,10,8,116.83254204027746,FALSE,Female,Other
189,60736.953136349286,10,52,11,8,116.83254204027746,FALSE,Female,Other
189,24442.074708459746,10,53,12,8,116.83254204027746,FALSE,Female,Other
190,49845.30715655117,20,27,0,14,95.91338439328062,TRUE,Male,Other
190,76149.45472561804,20,28,1,14,95.91338439328062,TRUE,Male,Other
190,46072.13065733385,20,29,2,14,95.91338439328062,TRUE,Male,Other
190,70864.93638768351,20,30,3,14,95.91338439328062,TRUE,Male,Other
190,56408.81413702481,20,31,4,14,95.91338439328062,TRUE,Male,Other
191,70216.22409725585,19,55,5,11,77.89940920851315,TRUE,Male,Other
191,53630.466918384394,19,56,6,11,77.89940920851315,TRUE,Male,Other
191,29261.52327948395,19,57,7,11,77.89940920851315,TRUE,Male,Other
191,34026.212975136485,19,58,8,11,77.89940920851315,TRUE,Male,Other
191,57105.644439675576,19,59,9,11,77.89940920851315,TRUE,Male,Other
192,19166.289684322404,21,25,17,8,150.99269702848386,FALSE,Male,Other
192,35546.48813488728,21,26,18,8,150.99269702848386,FALSE,Male,Other
192,56861.8828371277,21,27,19,8,150.99269702848386,FALSE,Male,Other
192,15000,21,28,20,8,150.99269702848386,FALSE,Male,Other
192,15000,21,29,21,8,150.99269702848386,FALSE,Male,Other
193,95637.59855458666,12,44,2,20,79.24116270501027,TRUE,Female,Asian
193,45724.03415024446,12,45,3,20,79.24116270501027,TRUE,Female,Asian
193,15000,12,46,4,20,79.24116270501027,TRUE,Female,Asian
193,31103.599700707993,12,47,5,20,79.24116270501027,TRUE,Female,Asian
193,51928.52086822824,12,48,6,20,79.24116270501027,TRUE,Female,Asian
194,77573.59120377949,12,42,19,9,77.21136411252728,FALSE,Male,Black
194,29981.05456056277,12,43,20,9,77.21136411252728,FALSE,Male,Black
194,71006.74714949276,12,44,21,9,77.21136411252728,FALSE,Male,Black
194,47572.36637341615,12,45,22,9,77.21136411252728,FALSE,Male,Black
194,57184.63953360243,12,46,23,9,77.21136411252728,FALSE,Male,Black
195,81414.96223705486,14,53,15,10,114.57856346518055,FALSE,Male,Hispanic
195,65443.651961939184,14,54,16,10,114.57856346518055,FALSE,Male,Hispanic
195,105250.34247588096,14,55,17,10,114.57856346518055,FALSE,Male,Hispanic
195,43128.58559366655,14,56,18,10,114.57856346518055,FALSE,Male,Hispanic
195,26007.967549371264,14,57,19,10,114.57856346518055,FALSE,Male,Hispanic
196,27457.779091922737,17,32,23,20,77.40690964027621,TRUE,Female,Hispanic
196,61831.98425384618,17,33,24,20,77.40690964027621,TRUE,Female,Hispanic
196,31045.390169869675,17,34,25,20,77.40690964027621,TRUE,Female,Hispanic
196,27994.66297959493,17,35,26,20,77.40690964027621,TRUE,Female,Hispanic
196,15000,17,36,27,20,77.40690964027621,TRUE,Female,Hispanic
197,73219.70590635472,13,45,13,14,93.82533734713688,TRUE,Male,White
197,54693.52390314126,13,46,14,14,93.82533734713688,TRUE,Male,White
197,33951.71975397544,13,47,15,14,93.82533734713688,TRUE,Male,White
197,69694.16915678234,13,48,16,14,93.82533734713688,TRUE,Male,White
197,94584.49874392716,13,49,17,14,93.82533734713688,TRUE,Male,White
198,66102.07513586301,17,38,13,20,94.13510883987115,FALSE,Female,Other
198,63068.16059685112,17,39,14,20,94.13510883987115,FALSE,Female,Other
198,40620.19001517474,17,40,15,20,94.13510883987115,FALSE,Female,Other
198,68699.31591794697,17,41,16,20,94.13510883987115,FALSE,Female,Other
198,16630.59646165837,17,42,17,20,94.13510883987115,FALSE,Female,Other
199,58569.22298960516,13,37,10,17,113.7197953182984,TRUE,Female,Other
199,28578.528877980476,13,38,11,17,113.7197953182984,TRUE,Female,Other
199,39745.22559529536,13,39,12,17,113.7197953182984,TRUE,Female,Other
199,54994.61388863746,13,40,13,17,113.7197953182984,TRUE,Female,Other
199,66315.66946151401,13,41,14,17,113.7197953182984,TRUE,Female,Other
200,66230.57622844743,20,53,25,18,102.82507510408558,FALSE,Female,Other
200,76752.16214337888,20,54,26,18,102.82507510408558,FALSE,Female,Other
200,31281.492767482563,20,55,27,18,102.82507510408558,FALSE,Female,Other
200,85723.4289100799,20,56,28,18,102.82507510408558,FALSE,Female,Other
200,50450.61048872512,20,57,29,18,102.82507510408558,FALSE,Female,Other
